country,year,gdp_growth,gdp_per_capita,inflation
Azerbaijan,2003,10.2,879.863,2.1
Azerbaijan,2004,9.3,1039.818,6.7
Azerbaijan,2005,26.4,1567.194,9.6
Azerbaijan,2006,34.5,2453.261,8.3
Azerbaijan,2007,25.0,3813.751,16.7
Azerbaijan,2008,10.8,5564.444,20.8
Azerbaijan,2009,9.3,4964.696,1.5
Azerbaijan,2010,5.0,5880.509,5.7
Azerbaijan,2011,0.1,7238.602,7.9
Azerbaijan,2012,2.2,7545.553,1.1
Azerbaijan,2013,5.8,7926.6,2.4
Azerbaijan,2014,2.8,7938.578,1.4
Azerbaijan,2015,1.1,5524.527,4.0
Azerbaijan,2016,-3.1,3897.788,12.4
Azerbaijan,2017,0.2,4217.653,12.9
Azerbaijan,2018,1.5,4759.796,2.3
Azerbaijan,2019,2.5,4841.145,2.6
Azerbaijan,2020,-4.2,4280.429,2.8
Azerbaijan,2021,5.6,5468.269,6.7
Azerbaijan,2022,4.7,7831.176,13.9
Azerbaijan,2023,1.4,7151.946,8.8
Azerbaijan,2024,4.1,7251.303,2.2
Azerbaijan,2025,3.0,7365.278,5.7
Bulgaria,2003,5.2,2710.577,2.3
Bulgaria,2004,6.5,3370.382,6.1
Bulgaria,2005,7.1,3869.588,6.0
Bulgaria,2006,6.8,4477.028,7.4
Bulgaria,2007,6.7,5815.474,7.6
Bulgaria,2008,6.1,7161.75,12.0
Bulgaria,2009,-3.3,6878.061,2.5
Bulgaria,2010,1.6,6754.23,3.0
Bulgaria,2011,2.1,7872.225,3.4
Bulgaria,2012,0.7,7453.726,2.4
Bulgaria,2013,-0.5,7703.869,0.4
Bulgaria,2014,0.9,7925.445,-1.6
Bulgaria,2015,3.4,7096.339,-1.1
Bulgaria,2016,3.0,7593.706,-1.3
Bulgaria,2017,2.7,8409.665,1.2
Bulgaria,2018,2.5,9473.889,2.6
Bulgaria,2019,3.8,9874.073,2.5
Bulgaria,2020,-3.2,10215.862,1.2
Bulgaria,2021,7.8,12352.357,2.8
Bulgaria,2022,4.0,14069.944,13.0
Bulgaria,2023,1.9,15892.404,8.6
Bulgaria,2024,2.8,17434.514,2.6
Bulgaria,2025,3.0,20425.72,3.6
France,2003,1.0,29675.139,2.2
France,2004,2.5,33876.29,2.3
France,2005,2.0,34964.765,1.9
France,2006,2.9,36685.03,1.9
France,2007,2.5,41762.59,1.6
France,2008,0.3,45753.56,3.2
France,2009,-2.7,41943.313,0.1
France,2010,1.8,40988.558,1.7
France,2011,2.5,44197.638,2.3
France,2012,0.2,41150.451,2.2
France,2013,0.9,42951.716,1.0
France,2014,1.0,43277.417,0.6
France,2015,1.0,36775.676,0.1
France,2016,0.7,37081.496,0.3
France,2017,2.3,38756.651,1.2
France,2018,1.6,41539.756,2.1
France,2019,2.1,40487.302,1.3
France,2020,-7.6,39230.928,0.5
France,2021,6.8,43848.345,2.1
France,2022,2.8,41095.77,5.9
France,2023,1.6,44853.761,5.7
France,2024,1.1,46187.295,2.3
France,2025,0.7,48981.965,1.1
Georgia,2003,11.2,1034.533,4.8
Georgia,2004,5.8,1338.086,5.7
Georgia,2005,9.6,1682.527,8.2
Georgia,2006,9.4,2052.257,9.2
Georgia,2007,12.6,2700.417,9.2
Georgia,2008,2.4,3419.915,10.0
Georgia,2009,-3.7,2890.71,1.7
Georgia,2010,6.9,3269.917,7.1
Georgia,2011,7.9,4100.982,8.5
Georgia,2012,6.6,4518.061,-0.9
Georgia,2013,5.1,4710.606,-0.5
Georgia,2014,4.1,4833.664,3.1
Georgia,2015,3.4,4090.214,4.0
Georgia,2016,3.4,4142.174,2.1
Georgia,2017,5.2,4420.41,6.0
Georgia,2018,6.1,4800.794,2.6
Georgia,2019,5.4,4738.796,4.9
Georgia,2020,-6.3,4308.286,5.2
Georgia,2021,10.6,5055.161,9.6
Georgia,2022,11.0,6773.539,11.9
Georgia,2023,7.8,8237.416,2.5
Georgia,2024,9.4,9141.846,1.1
Georgia,2025,7.2,10125.977,3.9
Germany,2003,-0.5,31074.429,1.1
Germany,2004,1.2,35000.452,1.8
Germany,2005,0.9,35592.346,1.9
Germany,2006,3.9,37530.238,1.8
Germany,2007,2.9,43021.701,2.3
Germany,2008,0.9,47146.711,2.8
Germany,2009,-5.6,43173.674,0.2
Germany,2010,4.1,43220.097,1.1
Germany,2011,3.8,47621.991,2.5
Germany,2012,0.5,44768.64,2.2
Germany,2013,0.4,47282.485,1.6
Germany,2014,2.2,49108.051,0.8
Germany,2015,1.7,42109.327,0.7
Germany,2016,2.2,43189.577,0.4
Germany,2017,2.8,45881.456,1.7
Germany,2018,1.1,49384.527,1.9
Germany,2019,1.0,48177.607,1.4
Germany,2020,-4.1,47953.683,0.4
Germany,2021,3.9,53151.541,3.2
Germany,2022,1.8,50943.628,8.7
Germany,2023,-0.9,54793.074,6.0
Germany,2024,-0.5,56086.903,2.5
Germany,2025,0.2,59925.317,2.1
Greece,2003,5.8,18036.4,3.4
Greece,2004,5.4,21468.468,3.0
Greece,2005,1.2,22101.329,3.5
Greece,2006,6.4,24452.035,3.3
Greece,2007,3.5,28476.246,3.0
Greece,2008,0.1,31740.794,4.2
Greece,2009,-4.1,29426.018,1.3
Greece,2010,-5.7,26679.741,4.7
Greece,2011,-9.9,25457.905,3.1
Greece,2012,-8.3,21557.251,1.0
Greece,2013,-2.3,21498.365,-0.9
Greece,2014,0.8,21412.642,-1.4
Greece,2015,-0.2,17921.051,-1.1
Greece,2016,0.0,17901.38,0.0
Greece,2017,1.5,18602.048,1.1
Greece,2018,2.1,19867.086,0.8
Greece,2019,2.3,19332.053,0.5
Greece,2020,-9.2,17839.122,-1.3
Greece,2021,8.7,20456.642,0.6
Greece,2022,5.7,20942.384,9.3
Greece,2023,2.3,23388.611,4.2
Greece,2024,2.3,24716.307,3.0
Greece,2025,2.0,27169.693,3.1
Iran,2003,8.6,2872.169,15.6
Iran,2004,4.3,3374.32,15.3
Iran,2005,3.2,3983.041,10.3
Iran,2006,5.0,4630.754,12.0
Iran,2007,8.2,6017.799,18.4
Iran,2008,0.3,6901.037,25.3
Iran,2009,1.0,6955.196,10.8
Iran,2010,5.8,8071.567,12.3
Iran,2011,5.7,9609.214,25.3
Iran,2012,-3.7,6406.143,29.3
Iran,2013,-1.5,6421.321,32.9
Iran,2014,5.0,6823.854,14.5
Iran,2015,-1.4,5971.81,11.1
Iran,2016,6.5,5975.217,6.8
Iran,2017,3.0,6263.722,8.2
Iran,2018,-3.7,4187.328,26.9
Iran,2019,-2.4,3035.117,34.8
Iran,2020,4.4,2493.037,36.5
Iran,2021,4.1,3656.385,40.2
Iran,2022,4.4,4749.522,45.8
Iran,2023,5.3,4915.374,40.7
Iran,2024,3.7,4810.048,32.5
Iran,2025,0.6,4074.444,42.4
Iraq,2003,-36.7,608.655,
Iraq,2004,53.4,1373.738,
Iraq,2005,1.7,1828.738,37.0
Iraq,2006,5.6,2321.258,53.2
Iraq,2007,1.9,3090.851,30.8
Iraq,2008,8.2,4472.118,2.7
Iraq,2009,3.4,3701.862,-2.8
Iraq,2010,6.4,4473.71,2.4
Iraq,2011,7.5,5848.537,5.6
Iraq,2012,13.9,6692.576,6.1
Iraq,2013,7.6,7021.406,1.9
Iraq,2014,0.7,6704.313,2.2
Iraq,2015,2.5,5044.624,1.4
Iraq,2016,16.2,4656.709,0.5
Iraq,2017,-1.5,5117.127,0.2
Iraq,2018,2.6,6037.885,0.4
Iraq,2019,5.6,6048.921,-0.2
Iraq,2020,-12.4,4547.33,0.6
Iraq,2021,1.4,5116.534,6.0
Iraq,2022,7.7,6818.152,5.0
Iraq,2023,0.9,6250.549,4.4
Iraq,2024,-0.2,6276.526,2.6
Iraq,2025,0.5,5831.552,1.5
Israel,2003,1.4,19631.733,0.7
Israel,2004,4.7,20558.752,-0.4
Israel,2005,4.4,21271.627,1.3
Israel,2006,5.6,22506.243,2.1
Israel,2007,6.3,25702.988,0.5
Israel,2008,3.2,30240.201,4.6
Israel,2009,1.2,28482.937,3.3
Israel,2010,5.5,31410.39,2.7
Israel,2011,5.5,34488.9,3.5
Israel,2012,2.4,33282.519,1.7
Israel,2013,4.1,36996.131,1.5
Israel,2014,3.7,38282.313,0.5
Israel,2015,2.2,36152.474,-0.6
Israel,2016,4.5,37582.521,-0.5
Israel,2017,4.3,41030.159,0.2
Israel,2018,4.1,42285.344,0.8
Israel,2019,3.6,44106.474,0.8
Israel,2020,-1.8,44594.51,-0.6
Israel,2021,9.3,52280.982,1.5
Israel,2022,6.4,54983.858,4.4
Israel,2023,2.1,52146.476,4.2
Israel,2024,1.0,54294.192,3.1
Israel,2025,2.5,60008.972,3.2
Netherlands,2003,0.1,35960.302,2.2
Netherlands,2004,2.0,40652.199,1.4
Netherlands,2005,2.0,42225.811,1.5
Netherlands,2006,3.5,45158.785,1.7
Netherlands,2007,3.9,52182.448,1.6
Netherlands,2008,2.1,58383.013,2.2
Netherlands,2009,-3.7,53257.987,1.0
Netherlands,2010,1.3,51472.808,0.9
Netherlands,2011,1.8,54814.546,2.5
Netherlands,2012,-1.0,50580.212,2.8
Netherlands,2013,0.0,52680.978,2.6
Netherlands,2014,1.6,53584.489,0.3
Netherlands,2015,2.1,45904.668,0.2
Netherlands,2016,2.4,46936.707,0.1
Netherlands,2017,2.8,49640.48,1.3
Netherlands,2018,2.3,54138.331,1.6
Netherlands,2019,2.3,53755.165,2.7
Netherlands,2020,-3.9,53529.218,1.1
Netherlands,2021,6.3,60380.434,2.8
Netherlands,2022,5.0,59540.881,11.6
Netherlands,2023,-0.6,63768.728,4.1
Netherlands,2024,1.1,67690.232,3.2
Netherlands,2025,1.4,73173.715,2.9
Russia,2003,7.4,3190.618,13.7
Russia,2004,7.1,4395.821,10.9
Russia,2005,6.4,5697.629,12.7
Russia,2006,8.2,7416.316,9.7
Russia,2007,8.6,9757.464,9.0
Russia,2008,5.2,12463.775,14.1
Russia,2009,-7.8,9160.09,11.6
Russia,2010,4.5,11432.391,6.8
Russia,2011,4.0,14310.213,8.4
Russia,2012,4.0,15284.626,5.1
Russia,2013,1.8,15913.343,6.8
Russia,2014,0.7,13984.458,7.8
Russia,2015,-2.0,9231.589,15.5
Russia,2016,0.2,8689.358,7.0
Russia,2017,1.8,10665.28,3.7
Russia,2018,2.8,11182.638,2.9
Russia,2019,2.2,11465.343,4.5
Russia,2020,-2.7,10074.759,3.4
Russia,2021,5.9,12423.263,6.7
Russia,2022,-1.4,15646.291,13.7
Russia,2023,4.1,14079.095,5.9
Russia,2024,4.3,14871.314,8.4
Russia,2025,0.6,17445.75,9.0
Syria,2003,-2.0,1208.885,5.8
Syria,2004,6.9,1361.499,4.4
Syria,2005,6.2,1510.392,7.2
Syria,2006,5.0,1726.028,10.4
Syria,2007,5.7,2016.052,4.7
Syria,2008,4.5,2557.211,15.2
Syria,2009,5.9,2557.267,2.8
Syria,2010,3.4,2806.685,4.4
USA,2003,2.8,39405.354,2.3
USA,2004,3.8,41641.617,2.7
USA,2005,3.5,44034.256,3.4
USA,2006,2.8,46216.853,3.2
USA,2007,2.0,47943.353,2.9
USA,2008,0.1,48470.553,3.8
USA,2009,-2.6,47102.428,-0.3
USA,2010,2.7,48586.288,1.6
USA,2011,1.6,50008.108,3.1
USA,2012,2.3,51736.738,2.1
USA,2013,2.1,53363.904,1.5
USA,2014,2.5,55263.817,1.6
USA,2015,2.9,57006.926,0.1
USA,2016,1.8,58179.697,1.3
USA,2017,2.5,60292.978,2.1
USA,2018,3.0,63165.278,2.4
USA,2019,2.6,65561.32,1.8
USA,2020,-2.1,64518.063,1.3
USA,2021,6.2,71365.337,4.7
USA,2022,2.5,77944.095,8.0
USA,2023,2.9,82523.258,4.1
USA,2024,2.8,86144.797,3.0
USA,2025,2.0,89598.86,2.7
Ukraine,2003,9.5,1055.946,5.2
Ukraine,2004,11.8,1374.656,9.0
Ukraine,2005,3.1,1839.515,13.5
Ukraine,2006,7.6,2319.286,9.1
Ukraine,2007,8.2,3101.388,12.8
Ukraine,2008,2.2,3944.724,25.2
Ukraine,2009,-15.1,2557.279,15.9
Ukraine,2010,4.1,2982.814,9.4
Ukraine,2011,5.5,3587.405,8.0
Ukraine,2012,0.2,3874.152,0.6
Ukraine,2013,0.0,4051.42,-0.3
Ukraine,2014,-6.6,3119.576,12.1
Ukraine,2015,-9.8,2134.773,48.7
Ukraine,2016,2.4,2200.851,13.9
Ukraine,2017,2.4,2654.483,14.4
Ukraine,2018,3.5,3118.001,10.9
Ukraine,2019,3.2,3687.839,7.9
Ukraine,2020,-3.8,3780.075,2.7
Ukraine,2021,3.4,4874.309,9.4
Ukraine,2022,-28.8,4693.831,20.2
Ukraine,2023,5.5,5326.189,12.9
Ukraine,2024,2.9,5718.991,6.5
Ukraine,2025,2.0,6381.676,12.6
United Kingdom,2003,3.2,34480.168,1.4
United Kingdom,2004,2.5,40410.653,1.3
United Kingdom,2005,2.7,42143.874,2.1
United Kingdom,2006,2.4,44589.681,2.3
United Kingdom,2007,2.6,50419.848,2.3
United Kingdom,2008,-0.2,47884.16,3.6
United Kingdom,2009,-4.6,38892.333,2.2
United Kingdom,2010,2.2,39641.869,3.3
United Kingdom,2011,1.1,42106.64,4.5
United Kingdom,2012,1.5,42501.709,2.8
United Kingdom,2013,1.8,43469.644,2.6
United Kingdom,2014,3.2,47468.211,1.5
United Kingdom,2015,2.2,44978.619,0.0
United Kingdom,2016,1.9,41114.514,0.7
United Kingdom,2017,2.7,40617.562,2.7
United Kingdom,2018,1.4,43275.096,2.5
United Kingdom,2019,1.6,42712.614,1.8
United Kingdom,2020,-10.3,40230.545,0.9
United Kingdom,2021,8.6,46908.348,2.6
United Kingdom,2022,4.8,46236.523,9.1
United Kingdom,2023,0.4,49382.815,7.3
United Kingdom,2024,1.1,52648.187,2.5
United Kingdom,2025,1.3,56660.868,3.4
