country,year,visitors,gdp_growth,gdp_per_capita,inflation,political_stability,tur_gdp_growth,tur_gdp_per_capita,tur_inflation,tur_ppp_rate,tur_political_stability,covid,coup_2016,syria_conflict,russia_turkey_crisis,russia_ukraine_war,mena_tension_recent,visitors_yoy,baseline_visitors,visitors_vs_baseline,log_visitors,tur_currency_weakness,market_group
Azerbaijan,2003,190713.0,10.2,879.863,2.1,-0.988709,5.8,4750.989,25.3,0.591,-0.624468,0,0,0,0,0,0,,833310.6666666666,-77.11381749583587,12.158524959165415,,Former Soviet
Azerbaijan,2004,326937.0,9.3,1039.818,6.7,-1.12484,9.9,6040.164,8.6,0.646,-0.677982,0,0,0,0,0,0,71.42879614918752,833310.6666666666,-60.76649284860548,12.697522770767504,9.306260575296111,Former Soviet
Azerbaijan,2005,400703.0,26.4,1567.194,9.6,-1.149689,9.1,7405.476,8.1,0.671,-0.373772,0,0,0,0,0,0,22.562756739065936,833310.6666666666,-51.91433206983229,12.900975783494138,3.8699690402476783,Former Soviet
Azerbaijan,2006,382717.0,34.5,2453.261,8.3,-0.986625,7.1,8007.819,9.6,0.712,-0.338799,0,0,0,0,0,0,-4.488611265700526,833310.6666666666,-54.07271077773315,12.855051091644864,6.11028315946347,Former Soviet
Azerbaijan,2007,425026.0,25.0,3813.751,16.7,-0.586899,5.1,9790.887,8.8,0.736,-0.58333,0,0,0,0,0,0,11.054904799107423,833310.6666666666,-48.99549267740082,12.959905622505937,3.370786516853941,Former Soviet
Azerbaijan,2008,467547.0,10.8,5564.444,20.8,-0.280887,0.9,11089.025,10.4,0.809,-0.604511,0,0,0,0,0,0,10.004329146922775,833310.6666666666,-43.89283388508167,13.055255157416957,9.918478260869579,Former Soviet
Azerbaijan,2009,430241.0,9.3,4964.696,1.5,-0.351531,-4.9,9108.034,6.2,0.849,-0.552293,0,0,0,0,0,0,-7.9790908721476095,833310.6666666666,-48.36967565517782,12.972100795784112,4.944375772558707,Former Soviet
Azerbaijan,2010,477441.0,5.0,5880.509,5.7,-0.314501,8.5,10705.548,8.6,0.897,-0.548691,0,0,0,0,0,0,10.970595549935958,833310.6666666666,-42.705521590187246,13.076195871059307,5.653710247349819,Former Soviet
Azerbaijan,2011,565484.0,0.1,7238.602,7.9,-0.65709,11.0,11361.902,6.5,0.952,-0.696616,0,0,1,0,0,0,18.440603132114752,833310.6666666666,-32.14007421001851,13.245437280592508,6.131549609810483,Former Soviet
Azerbaijan,2012,585513.0,2.2,7545.553,1.1,-0.683857,4.8,11738.279,8.9,1.002,-0.919687,0,0,1,0,0,0,3.541921610514187,833310.6666666666,-29.736528833584273,13.28024366501851,5.252100840336138,Former Soviet
Azerbaijan,2013,624536.0,5.8,7926.6,2.4,-0.483764,8.5,12639.299,7.5,1.047,-1.032178,0,0,1,0,0,0,6.664753814176638,833310.6666666666,-25.053641459047682,13.34476425300319,4.491017964071853,Former Soviet
Azerbaijan,2014,651007.0,2.8,7938.578,1.4,-0.433564,4.6,12222.238,8.9,1.107,-0.799807,0,0,1,0,0,0,4.2385066673498395,833310.6666666666,-21.8770350553535,13.386275673821068,5.730659025787976,Former Soviet
Azerbaijan,2015,596278.0,1.1,5524.527,4.0,-0.494181,5.8,11099.8,7.7,1.183,-1.109349,0,0,1,1,0,0,-8.406822046460327,833310.6666666666,-28.444693695668523,13.298462280249808,6.865401987353215,Former Soviet
Azerbaijan,2016,585644.0,-3.1,3897.788,12.4,-0.504347,3.3,10978.312,7.8,1.268,-1.78017,0,1,0,0,0,0,-1.7833963352664406,833310.6666666666,-29.72080840598864,13.280467375418647,7.185122569737956,Former Soviet
Azerbaijan,2017,744560.0,0.2,4217.653,12.9,-0.455635,7.8,10756.742,11.2,1.384,-1.706232,0,0,0,0,0,0,27.135256230747686,833310.6666666666,-10.65036969005556,13.520548718859592,9.148264984227117,Former Soviet
Azerbaijan,2018,853830.0,1.5,4759.796,2.3,-0.356744,3.5,9917.054,16.3,1.633,-1.124112,0,0,0,0,0,0,14.675781669710975,833310.6666666666,2.462386976925779,13.657487389723142,17.9913294797688,Former Soviet
Azerbaijan,2019,901542.0,2.5,4841.145,2.6,-0.337312,1.3,9387.652,15.2,1.837,-1.192454,0,0,0,0,0,0,5.587997610765605,833310.6666666666,8.187982713129793,13.711861909558577,12.49234537660746,Former Soviet
Azerbaijan,2020,248387.0,-4.2,4280.429,2.8,-0.508772,1.8,8758.704,12.3,2.111,-1.039605,1,0,0,0,0,0,-72.4486490923329,833310.6666666666,-70.1927492427794,12.4227432927283,14.91562329885685,Former Soviet
Azerbaijan,2021,451964.0,5.6,5468.269,6.7,-0.488829,11.8,9836.039,19.6,2.726,-0.972106,1,0,0,0,0,0,81.95960336088444,833310.6666666666,-45.76284474937719,13.021357809624757,29.133112269066785,Former Soviet
Azerbaijan,2022,679352.0,4.7,7831.176,13.9,-0.542048,5.4,10881.992,72.3,4.975,-0.935034,0,0,0,0,1,0,50.31108672372135,833310.6666666666,-18.47554253475694,13.428894681638715,82.50183418928832,Former Soviet
Azerbaijan,2023,855362.0,1.4,7151.946,8.8,-0.400414,5.0,13516.335,53.9,8.074,-0.884477,0,0,0,0,1,1,25.90851281809725,833310.6666666666,2.646231977509794,13.65928005012674,62.29145728643217,Former Soviet
Azerbaijan,2024,953946.0,4.2,7262.047,2.2,-0.140406,3.3,15882.632,58.5,12.548,-0.97071,0,0,0,0,1,1,11.525412632312392,833310.6666666666,14.476633764438397,13.768362345054785,55.41243497646769,Former Soviet
Azerbaijan,2025,923044.0,1.4,7321.685,5.6,,3.6,18611.136,34.9,16.647,,0,0,0,0,1,1,-3.239386715809911,833310.6666666666,10.768292897566823,13.735432182988001,32.66656040803313,Former Soviet
Bulgaria,2003,1040985.0,5.2,2715.498,2.3,0.19524,5.8,4750.989,25.3,0.591,-0.624468,0,0,0,0,0,0,,2316069.0,-55.05380021061549,13.85567793827139,,Eastern Europe
Bulgaria,2004,1324106.0,6.5,3374.803,6.1,0.052069,9.9,6040.164,8.6,0.646,-0.677982,0,0,0,0,0,0,27.19741398771356,2316069.0,-42.82959618215174,14.096248072697387,9.306260575296111,Eastern Europe
Bulgaria,2005,1622600.0,7.1,3876.778,6.0,0.305388,9.1,7405.476,8.1,0.671,-0.373772,0,0,0,0,0,0,22.543059241480655,2316069.0,-29.941638180900487,14.299540358943101,3.8699690402476783,Eastern Europe
Bulgaria,2006,1196979.0,6.8,4481.825,7.4,0.320646,7.1,8007.819,9.6,0.712,-0.338799,0,0,0,0,0,0,-26.230802415875754,2316069.0,-48.318508645467816,13.995311440526566,6.11028315946347,Eastern Europe
Bulgaria,2007,1347616.0,6.7,5823.997,7.6,0.357501,5.1,9790.887,8.8,0.736,-0.58333,0,0,0,0,0,0,12.584765480430328,2316069.0,-41.81451416171107,14.113847663403387,3.370786516853941,Eastern Europe
Bulgaria,2008,1512243.0,6.1,7200.886,12.0,0.406927,0.9,11089.025,10.4,0.809,-0.604511,0,0,0,0,0,0,12.216165435851156,2316069.0,-34.706478952051945,14.229104537094173,9.918478260869579,Eastern Europe
Bulgaria,2009,1623640.0,-3.3,6892.389,2.5,0.383244,-4.9,9108.034,6.2,0.849,-0.552293,0,0,0,0,0,0,7.366342578540608,2316069.0,-29.89673451006857,14.300181100253406,4.944375772558707,Eastern Europe
Bulgaria,2010,1448923.0,1.6,6769.258,3.0,0.373648,8.5,10705.548,8.6,0.897,-0.548691,0,0,0,0,0,0,-10.760821364341844,2316069.0,-37.440421680010395,14.186331079794217,5.653710247349819,Eastern Europe
Bulgaria,2011,1488228.0,2.1,7878.437,3.4,0.308557,11.0,11361.902,6.5,0.952,-0.696616,0,0,1,0,0,0,2.712704539854771,2316069.0,-35.743365158810036,14.213096708443752,6.131549609810483,Eastern Europe
Bulgaria,2012,1498461.0,0.7,7457.235,2.4,0.391129,4.8,11738.279,8.9,1.002,-0.919687,0,0,1,0,0,0,0.6875962554124815,2316069.0,-35.301538943787946,14.219949139374146,5.252100840336138,Eastern Europe
Bulgaria,2013,1582896.0,-0.5,7708.802,0.4,0.170469,8.5,12639.299,7.5,1.047,-1.032178,0,0,1,0,0,0,5.634781285599022,2316069.0,-31.65592216812193,14.274766638663245,4.491017964071853,Eastern Europe
Bulgaria,2014,1695504.0,0.9,7938.159,-1.6,0.242071,4.6,12222.238,8.9,1.107,-0.799807,0,0,1,0,0,0,7.114049185796167,2316069.0,-26.793890855583314,14.343490599731128,5.730659025787976,Eastern Europe
Bulgaria,2015,1826177.0,3.4,7103.603,-1.1,0.182391,5.8,11099.8,7.7,1.183,-1.109349,0,0,1,1,0,0,7.707029886098771,2316069.0,-21.15187414537304,14.417735268626627,6.865401987353215,Eastern Europe
Bulgaria,2016,1696645.0,3.0,7596.346,-1.3,0.207304,3.3,10978.312,7.8,1.268,-1.78017,0,1,0,0,0,0,-7.09306929174992,2316069.0,-26.74462634748792,14.344163329639532,7.185122569737956,Eastern Europe
Bulgaria,2017,1850800.0,2.7,8409.665,1.2,0.406139,7.8,10756.742,11.2,1.384,-1.706232,0,0,0,0,0,0,9.085872412909012,2316069.0,-20.08873656182091,14.431128536014981,9.148264984227117,Eastern Europe
Bulgaria,2018,2379262.0,2.3,9451.816,2.6,0.592909,3.5,9917.054,16.3,1.633,-1.124112,0,0,0,0,0,0,28.553166198400692,2316069.0,2.7284592989241574,14.68230091352805,17.9913294797688,Eastern Europe
Bulgaria,2019,2718145.0,3.8,9855.906,2.5,0.578817,1.3,9387.652,15.2,1.837,-1.192454,0,0,0,0,0,0,14.243198100923738,2316069.0,17.36027726289675,14.815460220320306,12.49234537660746,Eastern Europe
Bulgaria,2020,1268457.0,-3.1,10206.626,1.2,0.421047,1.8,8758.704,12.3,2.111,-1.039605,1,0,0,0,0,0,-53.3337257578238,2316069.0,-45.23233116111825,14.053311759141828,14.91562329885685,Eastern Europe
Bulgaria,2021,1381218.0,7.8,12346.576,2.8,0.406398,11.8,9836.039,19.6,2.726,-0.972106,1,0,0,0,0,0,8.889619435266628,2316069.0,-40.36369382777456,14.138476276559016,29.133112269066785,Eastern Europe
Bulgaria,2022,2875588.0,4.1,14069.465,13.0,0.326973,5.4,10881.992,72.3,4.975,-0.935034,0,0,0,0,1,0,108.1921897919083,2316069.0,24.158131730963106,14.871767733040999,82.50183418928832,Eastern Europe
Bulgaria,2023,2904113.0,1.7,15861.735,8.6,0.314469,5.0,13516.335,53.9,8.074,-0.884477,0,0,0,0,1,1,0.9919710334025611,2316069.0,25.38974443334805,14.881638566015507,62.29145728643217,Eastern Europe
Bulgaria,2024,2923525.0,3.4,17610.302,2.6,0.039927,3.3,15882.632,58.5,12.548,-0.97071,0,0,0,0,1,1,0.6684312903802336,2316069.0,26.22788872006836,14.888300637955176,55.41243497646769,Eastern Europe
Bulgaria,2025,2813955.0,3.1,20920.692,3.5,,3.6,18611.136,34.9,16.647,,0,0,0,0,1,1,-3.747872858963064,2316069.0,21.497027938286806,14.850101525057392,32.66656040803313,Eastern Europe
France,2003,453658.0,1.0,29675.139,2.2,0.343467,5.8,4750.989,25.3,0.591,-0.624468,0,0,0,0,0,0,,732431.6666666666,-38.06138911707349,13.025098889182724,,Western Europe
France,2004,540606.0,2.5,33876.29,2.3,0.390091,9.9,6040.164,8.6,0.646,-0.677982,0,0,0,0,0,0,19.16597965868563,732431.6666666666,-26.190247554379354,13.200446011542027,9.306260575296111,Western Europe
France,2005,679140.0,2.0,34964.765,1.9,0.462245,9.1,7405.476,8.1,0.671,-0.373772,0,0,0,0,0,0,25.625686729337072,732431.6666666666,-7.275991616965404,13.428582570854521,3.8699690402476783,Western Europe
France,2006,619366.0,2.9,36685.03,1.9,0.597182,7.1,8007.819,9.6,0.712,-0.338799,0,0,0,0,0,0,-8.801425332037581,732431.6666666666,-15.437025979670448,13.336451653183824,6.11028315946347,Western Europe
France,2007,739442.0,2.5,41762.59,1.6,0.651256,5.1,9790.887,8.8,0.736,-0.58333,0,0,0,0,0,0,19.38692146485277,732431.6666666666,0.9571313819946914,13.513651126684541,3.370786516853941,Western Europe
France,2008,877408.0,0.3,45753.56,3.2,0.638837,0.9,11089.025,10.4,0.809,-0.604511,0,0,0,0,0,0,18.65812328756007,732431.6666666666,19.793837422831253,13.68472738552087,9.918478260869579,Western Europe
France,2009,935047.0,-2.7,41943.313,0.1,0.508425,-4.9,9108.034,6.2,0.849,-0.552293,0,0,0,0,0,0,6.569235748933222,732431.6666666666,27.663377015830836,13.74835207438714,4.944375772558707,Western Europe
France,2010,923037.0,1.8,40988.558,1.7,0.740135,8.5,10705.548,8.6,0.897,-0.548691,0,0,0,0,0,0,-1.2844274138091416,732431.6666666666,26.02363360404498,13.73542459935543,5.653710247349819,Western Europe
France,2011,1132458.0,2.5,44197.638,2.3,0.588087,11.0,11361.902,6.5,0.952,-0.696616,0,0,1,0,0,0,22.688256267083553,732431.6666666666,54.61619855322113,13.939901049558905,6.131549609810483,Western Europe
France,2012,1029216.0,0.2,41150.451,2.2,0.615243,4.8,11738.279,8.9,1.002,-0.919687,0,0,1,0,0,0,-9.116629490895022,732431.6666666666,40.52041259821737,13.844307905324076,5.252100840336138,Western Europe
France,2013,1047250.0,0.9,42951.716,1.0,0.491642,8.5,12639.299,7.5,1.047,-1.032178,0,0,1,0,0,0,1.7522075055187658,732431.6666666666,42.98262181454926,13.861678238809281,4.491017964071853,Western Europe
France,2014,1038932.0,1.0,43277.417,0.6,0.387786,4.6,12222.238,8.9,1.107,-0.799807,0,0,1,0,0,0,-0.7942707089997558,732431.6666666666,41.84695273051639,13.853703820393863,5.730659025787976,Western Europe
France,2015,852053.0,1.0,36775.676,0.1,0.173566,5.8,11099.8,7.7,1.183,-1.109349,0,0,1,1,0,0,-17.98760650360177,732431.6666666666,16.3320810360011,13.655404010449475,6.865401987353215,Western Europe
France,2016,561982.0,0.7,37081.496,0.3,-0.041533,3.3,10978.312,7.8,1.268,-1.78017,0,1,0,0,0,0,-34.04377427225771,732431.6666666666,-23.271750038115048,13.239225099893154,7.185122569737956,Western Europe
France,2017,580220.0,2.3,38756.651,1.2,0.229972,7.8,10756.742,11.2,1.384,-1.706232,0,0,0,0,0,0,3.245299671519719,732431.6666666666,-20.781688394139152,13.271162620947447,9.148264984227117,Western Europe
France,2018,737990.0,1.6,41539.756,2.1,0.104352,3.5,9917.054,16.3,1.633,-1.124112,0,0,0,0,0,0,27.191410154768892,732431.6666666666,0.758887632293348,13.511685553355305,17.9913294797688,Western Europe
France,2019,879085.0,2.1,40487.302,1.3,0.204067,1.3,9387.652,15.2,1.837,-1.192454,0,0,0,0,0,0,19.118822748275722,732431.6666666666,20.022800761845815,13.686636872788453,12.49234537660746,Western Europe
France,2020,316741.0,-7.6,39230.928,0.5,0.127089,1.8,8758.704,12.3,2.111,-1.039605,1,0,0,0,0,0,-63.96924074463789,732431.6666666666,-56.75487360595641,12.665839684204338,14.91562329885685,Western Europe
France,2021,617350.0,6.8,43848.345,2.1,0.124153,11.8,9836.039,19.6,2.726,-0.972106,1,0,0,0,0,0,94.90687975348943,732431.6666666666,-15.71227349991694,13.33319140299589,29.133112269066785,Western Europe
France,2022,990212.0,2.8,41095.77,5.9,0.019838,5.4,10881.992,72.3,4.975,-0.935034,0,0,0,0,1,0,60.39718150157933,732431.6666666666,35.195137657893014,13.805674340599914,82.50183418928832,Western Europe
France,2023,1032476.0,1.6,44749.675,5.7,-0.018772,5.0,13516.335,53.9,8.074,-0.884477,0,0,0,0,1,1,4.268176915650379,732431.6666666666,40.96550531448895,13.847470358995109,62.29145728643217,Western Europe
France,2024,1091203.0,1.1,46053.562,2.3,-0.241365,3.3,15882.632,58.5,12.548,-0.97071,0,0,0,0,1,1,5.6879772508029225,732431.6666666666,48.98359118825648,13.902791315334417,55.41243497646769,Western Europe
France,2025,1104237.0,0.9,48929.949,0.9,,3.6,18611.136,34.9,16.647,,0,0,0,0,1,1,1.1944615254906754,732431.6666666666,50.76314286429451,13.914665156693074,32.66656040803313,Western Europe
Georgia,2003,164515.0,11.2,1034.533,4.8,-1.612001,5.8,4750.989,25.3,0.591,-0.624468,0,0,0,0,0,0,,2174069.6666666665,-92.43285518755992,12.010757030440761,,Former Soviet
Georgia,2004,229382.0,5.8,1338.086,5.7,-0.907028,9.9,6040.164,8.6,0.646,-0.677982,0,0,0,0,0,0,39.429231377078075,2174069.6666666665,-89.44918815082436,12.343144015036488,9.306260575296111,Former Soviet
Georgia,2005,357405.0,9.6,1682.527,8.2,-0.777785,9.1,7405.476,8.1,0.671,-0.373772,0,0,0,0,0,0,55.81213870312405,2174069.6666666665,-83.5605544072568,12.786624871536858,3.8699690402476783,Former Soviet
Georgia,2006,541488.0,9.4,2052.257,9.2,-0.812438,7.1,8007.819,9.6,0.712,-0.338799,0,0,0,0,0,0,51.50543501070215,2174069.6666666665,-75.09334644136672,13.202076184512812,6.11028315946347,Former Soviet
Georgia,2007,619893.0,12.6,2700.417,9.2,-0.493822,5.1,9790.887,8.8,0.736,-0.58333,0,0,0,0,0,0,14.479545253080396,2174069.6666666665,-71.48697626831645,13.33730216148236,3.370786516853941,Former Soviet
Georgia,2008,824609.0,2.4,3419.915,10.0,-0.816645,0.9,11089.025,10.4,0.809,-0.604511,0,0,0,0,0,0,33.02440905123949,2174069.6666666665,-62.07071867828829,13.622664613578106,9.918478260869579,Former Soviet
Georgia,2009,984606.0,-3.7,2890.71,1.7,-0.743173,-4.9,9108.034,6.2,0.849,-0.552293,0,0,0,0,0,0,19.402771495339,2174069.6666666665,-54.71138689361227,13.799996840132886,4.944375772558707,Former Soviet
Georgia,2010,1097198.0,6.9,3269.917,7.1,-0.560988,8.5,10705.548,8.6,0.897,-0.548691,0,0,0,0,0,0,11.435233992073979,2174069.6666666665,-49.53252801313175,13.908270215222196,5.653710247349819,Former Soviet
Georgia,2011,1142171.0,7.9,4100.982,8.5,-0.622573,11.0,11361.902,6.5,0.952,-0.696616,0,0,1,0,0,0,4.098895550301762,2174069.6666666665,-47.46391904951221,13.948441395291558,6.131549609810483,Former Soviet
Georgia,2012,1393971.0,6.6,4518.061,-0.9,-0.500627,4.8,11738.279,8.9,1.002,-0.919687,0,0,1,0,0,0,22.045735708576043,2174069.6666666665,-35.88195349152411,14.147667066642883,5.252100840336138,Former Soviet
Georgia,2013,1755484.0,5.1,4710.606,-0.5,-0.225994,8.5,12639.299,7.5,1.047,-1.032178,0,0,1,0,0,0,25.93404023469641,2174069.6666666665,-19.253553512314614,14.378255160336614,4.491017964071853,Former Soviet
Georgia,2014,1736134.0,4.1,4833.664,3.1,-0.024803,4.6,12222.238,8.9,1.107,-0.799807,0,0,1,0,0,0,-1.1022601174377034,2174069.6666666665,-20.14358938819654,14.367171360163612,5.730659025787976,Former Soviet
Georgia,2015,1895646.0,3.4,4090.214,4.0,-0.090598,5.8,11099.8,7.7,1.183,-1.109349,0,0,1,1,0,0,9.187770068439427,2174069.6666666665,-12.806565996275188,14.455070235504076,6.865401987353215,Former Soviet
Georgia,2016,2192582.0,3.4,4142.174,2.1,-0.061468,3.3,10978.312,7.8,1.268,-1.78017,0,1,0,0,0,0,15.664106061996797,2174069.6666666665,0.8515059851654572,14.600590402757154,7.185122569737956,Former Soviet
Georgia,2017,2435022.0,5.2,4420.41,6.0,-0.112559,7.8,10756.742,11.2,1.384,-1.706232,0,0,0,0,0,0,11.057283148361163,2174069.6666666665,12.002942561331608,14.70546634936561,9.148264984227117,Former Soviet
Georgia,2018,2085732.0,6.1,4800.794,2.6,-0.094857,3.5,9917.054,16.3,1.633,-1.124112,0,0,0,0,0,0,-14.344428920970731,2174069.6666666665,-4.063239923774287,14.55063043073787,17.9913294797688,Former Soviet
Georgia,2019,2001455.0,5.4,4738.796,4.9,-0.134771,1.3,9387.652,15.2,1.837,-1.192454,0,0,0,0,0,0,-4.0406437643954245,2174069.6666666665,-7.9397026375573,14.50938497402437,12.49234537660746,Former Soviet
Georgia,2020,417466.0,-6.3,4308.286,5.2,-0.127194,1.8,8758.704,12.3,2.111,-1.039605,1,0,0,0,0,0,-79.1418742864566,2174069.6666666665,-80.79794744387982,12.941958382831116,14.91562329885685,Former Soviet
Georgia,2021,297083.0,10.6,5055.161,9.6,-0.201768,11.8,9836.039,19.6,2.726,-0.972106,1,0,0,0,0,0,-28.836599866815504,2174069.6666666665,-86.33516650570382,12.601766840022268,29.133112269066785,Former Soviet
Georgia,2022,1521215.0,11.0,6773.539,11.9,-0.100035,5.4,10881.992,72.3,4.975,-0.935034,0,0,0,0,1,0,412.050504404493,2174069.6666666665,-30.029151166422295,14.235019915623965,82.50183418928832,Former Soviet
Georgia,2023,1638642.0,7.8,8237.416,2.5,-0.120909,5.0,13516.335,53.9,8.074,-0.884477,0,0,0,0,1,1,7.719290172658044,2174069.6666666665,-24.627898308686515,14.30937840799813,62.29145728643217,Former Soviet
Georgia,2024,1468900.0,9.7,9254.313,1.1,-0.612759,3.3,15882.632,58.5,12.548,-0.97071,0,0,0,0,1,1,-10.358699459674536,2174069.6666666665,-32.43546779932994,14.200024379319506,55.41243497646769,Former Soviet
Georgia,2025,1331181.0,7.5,10346.094,3.9,,3.6,18611.136,34.9,16.647,,0,0,0,0,1,1,-9.375655252229564,2174069.6666666665,-38.7700854112464,14.101577076110685,32.66656040803313,Former Soviet
Germany,2003,3288904.0,-0.5,31074.429,1.1,0.728501,5.8,4750.989,25.3,0.591,-0.624468,0,0,0,0,0,0,,4371500.666666667,-24.764874792805713,15.006064936542108,,Western Europe
Germany,2004,3970364.0,1.2,35000.452,1.8,0.705215,9.9,6040.164,8.6,0.646,-0.677982,0,0,0,0,0,0,20.719972367694517,4371500.666666667,-9.176177639074679,15.194368336117748,9.306260575296111,Western Europe
Germany,2005,4117952.0,0.9,35592.346,2.0,0.993342,9.1,7405.476,8.1,0.671,-0.373772,0,0,0,0,0,0,3.717241038856889,4371500.666666667,-5.800037241215872,15.23086651035818,3.8699690402476783,Western Europe
Germany,2006,3729334.0,3.9,37530.238,1.8,1.036469,7.1,8007.819,9.6,0.712,-0.338799,0,0,0,0,0,0,-9.437166824674016,4371500.666666667,-14.689844875543123,15.131740223398822,6.11028315946347,Western Europe
Germany,2007,4192512.0,2.9,43021.701,2.3,1.060542,5.1,9790.887,8.8,0.736,-0.58333,0,0,0,0,0,0,12.419858344680312,4371500.666666667,-4.094444455458557,15.24881063492943,3.370786516853941,Western Europe
Germany,2008,4396948.0,0.9,47146.711,2.8,1.008294,0.9,11089.025,10.4,0.809,-0.604511,0,0,0,0,0,0,4.87621740856079,4371500.666666667,0.5821189397813065,15.296421221847849,9.918478260869579,Western Europe
Germany,2009,4481571.0,-5.6,43173.674,0.2,1.030191,-4.9,9108.034,6.2,0.849,-0.552293,0,0,0,0,0,0,1.9245849621146283,4371500.666666667,2.517907275472586,15.315484212563796,4.944375772558707,Western Europe
Germany,2010,4370248.0,4.1,43220.097,1.2,0.930089,8.5,10705.548,8.6,0.897,-0.548691,0,0,0,0,0,0,-2.484017323389498,4371500.666666667,-0.028655300826530006,15.290330316033602,5.653710247349819,Western Europe
Germany,2011,4815156.0,3.8,47621.991,2.5,0.895856,11.0,11361.902,6.5,0.952,-0.696616,0,0,1,0,0,0,10.180383355818702,4371500.666666667,10.148810835516286,15.387279001443428,6.131549609810483,Western Europe
Germany,2012,5025660.0,0.5,44768.64,2.1,0.966803,4.8,11738.279,8.9,1.002,-0.919687,0,0,1,0,0,0,4.371696368715772,4371500.666666667,14.96418239899615,15.430067346568222,5.252100840336138,Western Europe
Germany,2013,5048199.0,0.4,47282.485,1.6,0.956709,8.5,12639.299,7.5,1.047,-1.032178,0,0,1,0,0,0,0.44847840880599676,4371500.666666667,15.479771934916009,15.434542103979268,4.491017964071853,Western Europe
Germany,2014,5251870.0,2.2,49108.051,0.8,1.067265,4.6,12222.238,8.9,1.107,-0.799807,0,0,1,0,0,0,4.034527957396294,4371500.666666667,20.13883561876768,15.47409476162323,5.730659025787976,Western Europe
Germany,2015,5593065.0,1.7,42109.327,0.7,0.831144,5.8,11099.8,7.7,1.183,-1.109349,0,0,1,1,0,0,6.49663834024834,4371500.666666667,27.94382127510444,15.537037995406138,6.865401987353215,Western Europe
Germany,2016,3928954.0,2.2,43189.577,0.3,0.794534,3.3,10978.312,7.8,1.268,-1.78017,0,1,0,0,0,0,-29.753113900875462,4371500.666666667,-10.123449598009904,15.183883790658367,7.185122569737956,Western Europe
Germany,2017,3594136.0,2.8,45881.456,1.7,0.702224,7.8,10756.742,11.2,1.384,-1.706232,0,0,0,0,0,0,-8.521810130635277,4371500.666666667,-17.782558575232223,15.09481418645555,9.148264984227117,Western Europe
Germany,2018,4496173.0,1.1,49384.527,1.9,0.823901,3.5,9917.054,16.3,1.633,-1.124112,0,0,0,0,0,0,25.097464314093855,4371500.666666667,2.8519344463098895,15.318737148463066,17.9913294797688,Western Europe
Germany,2019,5024193.0,1.0,48177.607,1.4,0.727172,1.3,9387.652,15.2,1.837,-1.192454,0,0,0,0,0,0,11.743765197646972,4371500.666666667,14.930624128922322,15.429775401997407,12.49234537660746,Western Europe
Germany,2020,1178352.0,-4.1,47953.683,0.4,0.684053,1.8,8758.704,12.3,2.111,-1.039605,1,0,0,0,0,0,-76.54644238388136,4371500.666666667,-73.04467985135845,13.979627410103383,14.91562329885685,Western Europe
Germany,2021,3014611.0,3.9,53151.541,3.2,0.660305,11.8,9836.039,19.6,2.726,-0.972106,1,0,0,0,0,0,155.83280717476612,4371500.666666667,-31.03944778078497,14.918981358260552,29.133112269066785,Western Europe
Germany,2022,5689999.0,1.8,50943.628,8.7,0.52848,5.4,10881.992,72.3,4.975,-0.935034,0,0,0,0,1,0,88.74737072212633,4371500.666666667,30.16122914922732,15.554220630355573,82.50183418928832,Western Europe
Germany,2023,6198262.0,-0.9,54793.074,6.0,0.50602,5.0,13516.335,53.9,8.074,-0.884477,0,0,0,0,1,1,8.932567474967911,4371500.666666667,41.78796876922966,15.639779488136956,62.29145728643217,Western Europe
Germany,2024,6626348.0,-0.5,56086.903,2.5,0.124267,3.3,15882.632,58.5,12.548,-0.97071,0,0,0,0,1,1,6.906548964854986,4371500.666666667,51.58062425854979,15.706564380837115,55.41243497646769,Western Europe
Germany,2025,6755350.0,0.2,60438.79,2.3,,3.6,18611.136,34.9,16.647,,0,0,0,0,1,1,1.9468038805085408,4371500.666666667,54.53160173371432,15.725845341505668,32.66656040803313,Western Europe
Greece,2003,382990.0,5.8,18036.4,3.5,0.605747,5.8,4750.989,25.3,0.591,-0.624468,0,0,0,0,0,0,,714741.6666666666,-46.415604705662886,12.855764158161346,,Eastern Europe
Greece,2004,473559.0,5.4,21468.468,3.0,0.472425,9.9,6040.164,8.6,0.646,-0.677982,0,0,0,0,0,0,23.64787592365336,714741.6666666666,-33.74403339201809,13.068031787858507,9.306260575296111,Eastern Europe
Greece,2005,566194.0,1.2,22101.329,3.5,0.560758,9.1,7405.476,8.1,0.671,-0.373772,0,0,0,0,0,0,19.561448520670076,714741.6666666666,-20.783406592125353,13.246692054641583,3.8699690402476783,Eastern Europe
Greece,2006,407167.0,6.4,24452.035,3.3,0.512213,7.1,8007.819,9.6,0.712,-0.338799,0,0,0,0,0,0,-28.087016111085596,714741.6666666666,-43.03298394524828,12.916978699677063,6.11028315946347,Eastern Europe
Greece,2007,433337.0,3.5,28476.246,3.0,0.525963,5.1,9790.887,8.8,0.736,-0.58333,0,0,0,0,0,0,6.427338168368268,714741.6666666666,-39.37152117898075,12.979270995266319,3.370786516853941,Eastern Europe
Greece,2008,562226.0,0.1,31740.794,4.2,0.291748,0.9,11089.025,10.4,0.809,-0.604511,0,0,0,0,0,0,29.74336370999937,714741.6666666666,-21.33857221140505,13.239659183272442,9.918478260869579,Eastern Europe
Greece,2009,607779.0,-4.1,29426.018,1.3,-0.001088,-4.9,9108.034,6.2,0.849,-0.552293,0,0,0,0,0,0,8.10225781091589,714741.6666666666,-14.965220534225644,13.317566608028844,4.944375772558707,Eastern Europe
Greece,2010,661260.0,-5.7,26679.741,4.7,-0.010733,8.5,10705.548,8.6,0.897,-0.548691,0,0,0,0,0,0,8.799415577043623,714741.6666666666,-7.482656904009599,13.401902384913642,5.653710247349819,Eastern Europe
Greece,2011,697453.0,-9.9,25457.905,3.1,-0.077649,11.0,11361.902,6.5,0.952,-0.696616,0,0,1,0,0,0,5.473338777485415,714741.6666666666,-2.418869288437542,13.455190406894742,6.131549609810483,Eastern Europe
Greece,2012,666825.0,-8.3,21557.251,1.0,-0.162898,4.8,11738.279,8.9,1.002,-0.919687,0,0,1,0,0,0,-4.391407019541105,714741.6666666666,-6.704053912252672,13.41028292165745,5.252100840336138,Eastern Europe
Greece,2013,699039.0,-2.3,21498.365,-0.9,-0.152352,8.5,12639.299,7.5,1.047,-1.032178,0,0,1,0,0,0,4.830952648745912,714741.6666666666,-2.1969709335540766,13.457461813650937,4.491017964071853,Eastern Europe
Greece,2014,827760.0,0.8,21412.642,-1.4,-0.070028,4.6,12222.238,8.9,1.107,-0.799807,0,0,1,0,0,0,18.413994069000438,714741.6666666666,15.81247303804405,13.626478536278832,5.730659025787976,Eastern Europe
Greece,2015,755425.0,-0.2,17921.051,-1.1,-0.120141,5.8,11099.8,7.7,1.183,-1.109349,0,0,1,1,0,0,-8.738644051415868,714741.6666666666,5.692033252107409,13.535035783761845,6.865401987353215,Eastern Europe
Greece,2016,593852.0,0.0,17901.38,0.0,-0.153775,3.3,10978.312,7.8,1.268,-1.78017,0,1,0,0,0,0,-21.388357547076154,714741.6666666666,-16.913756718627937,13.29438540905055,7.185122569737956,Eastern Europe
Greece,2017,622117.0,1.5,18602.048,1.1,0.00694,7.8,10756.742,11.2,1.384,-1.706232,0,0,0,0,0,0,4.759603402868051,714741.6666666666,-12.959181056092529,13.340883456926075,9.148264984227117,Eastern Europe
Greece,2018,685139.0,2.1,19867.086,0.8,0.351321,3.5,9917.054,16.3,1.633,-1.124112,0,0,0,0,0,0,10.13024881171869,714741.6666666666,-4.141729529317118,13.437377016366971,17.9913294797688,Eastern Europe
Greece,2019,836969.0,2.3,19332.053,0.5,0.278935,1.3,9387.652,15.2,1.837,-1.192454,0,0,0,0,0,0,22.16046670821541,714741.6666666666,17.100910585409657,13.637542311748687,12.49234537660746,Eastern Europe
Greece,2020,141805.0,-9.2,17839.122,-1.3,0.299622,1.8,8758.704,12.3,2.111,-1.039605,1,0,0,0,0,0,-83.05731753505805,714741.6666666666,-80.15996455595844,11.862208153389401,14.91562329885685,Eastern Europe
Greece,2021,153491.0,8.7,20456.642,0.6,0.227017,11.8,9836.039,19.6,2.726,-0.972106,1,0,0,0,0,0,8.240894185677504,714741.6666666666,-78.52496822861407,11.941397212368646,29.133112269066785,Eastern Europe
Greece,2022,567819.0,5.5,20853.518,9.3,0.236947,5.4,10881.992,72.3,4.975,-0.935034,0,0,0,0,1,0,269.93634805949534,714741.6666666666,-20.556051720318525,13.249557984947943,82.50183418928832,Eastern Europe
Greece,2023,685262.0,2.1,23335.57,4.2,0.385304,5.0,13516.335,53.9,8.074,-0.884477,0,0,0,0,1,1,20.68317544851441,714741.6666666666,-4.124520514404962,13.437556525868688,62.29145728643217,Eastern Europe
Greece,2024,707386.0,2.1,24688.425,3.0,0.13942,3.3,15882.632,58.5,12.548,-0.97071,0,0,0,0,1,1,3.228546161905954,714741.6666666666,-1.0291364012638526,13.469331764774527,55.41243497646769,Eastern Europe
Greece,2025,622706.0,2.1,27040.815,2.9,,3.6,18611.136,34.9,16.647,,0,0,0,0,1,1,-11.970833462918407,714741.6666666666,-12.876773659480689,13.34182977627261,32.66656040803313,Eastern Europe
Iran,2003,411558.0,8.6,2872.169,15.6,-0.613916,5.8,4750.989,25.3,0.591,-0.624468,0,0,0,0,0,0,,2181417.0,-81.13345591420622,12.927705236919186,,MENA
Iran,2004,469450.0,4.3,3374.32,15.3,-0.662544,9.9,6040.164,8.6,0.646,-0.677982,0,0,0,0,0,0,14.06654712094042,2181417.0,-78.47958460028505,13.059317075686694,9.306260575296111,MENA
Iran,2005,678622.0,3.2,3983.041,10.3,-0.642542,9.1,7405.476,8.1,0.671,-0.373772,0,0,0,0,0,0,44.556821812759615,2181417.0,-68.89077145726837,13.427819550494352,3.8699690402476783,MENA
Iran,2006,636282.0,5.0,4630.754,12.0,-0.787821,7.1,8007.819,9.6,0.712,-0.338799,0,0,0,0,0,0,-6.239113969190502,2181417.0,-70.83171168098534,13.363397140277614,6.11028315946347,MENA
Iran,2007,854488.0,8.2,6017.799,18.4,-0.71489,5.1,9790.887,8.8,0.736,-0.58333,0,0,0,0,0,0,34.29391370492958,2181417.0,-60.8287640556574,13.658257738139,3.370786516853941,MENA
Iran,2008,1029716.0,0.3,6901.037,25.3,-0.748024,0.9,11089.025,10.4,0.809,-0.604511,0,0,0,0,0,0,20.506783009240625,2181417.0,-52.7960036985134,13.844793594030483,9.918478260869579,MENA
Iran,2009,1369896.0,1.0,6955.196,10.8,-1.271007,-4.9,9108.034,6.2,0.849,-0.552293,0,0,0,0,0,0,33.03629350228607,2181417.0,-37.201552935546026,14.130245382514056,4.944375772558707,MENA
Iran,2010,1870953.0,5.8,8071.567,12.3,-1.524788,8.5,10705.548,8.6,0.897,-0.548691,0,0,0,0,0,0,36.576280243171745,2181417.0,-14.232216948891473,14.44195848468416,5.653710247349819,MENA
Iran,2011,1863926.0,5.7,9609.214,25.3,-1.356451,11.0,11361.902,6.5,0.952,-0.696616,0,0,1,0,0,0,-0.37558399382560115,2181417.0,-14.554347013890512,14.438195573868809,6.131549609810483,MENA
Iran,2012,1183810.0,-3.7,6406.143,29.3,-1.263007,4.8,11738.279,8.9,1.002,-0.919687,0,0,1,0,0,0,-36.488358443414604,2181417.0,-45.732063149778334,13.98424860857595,5.252100840336138,MENA
Iran,2013,1189115.0,-1.5,6421.321,32.9,-1.18087,8.5,12639.299,7.5,1.047,-1.032178,0,0,1,0,0,0,0.44812934508071667,2181417.0,-45.48887259978262,13.988719890928564,4.491017964071853,MENA
Iran,2014,1581120.0,5.0,6823.854,14.5,-0.726596,4.6,12222.238,8.9,1.107,-0.799807,0,0,1,0,0,0,32.96611345412344,2181417.0,-27.518672495905182,14.273644014639522,5.730659025787976,MENA
Iran,2015,1662549.0,-1.4,5971.81,11.1,-0.789696,5.8,11099.8,7.7,1.183,-1.109349,0,0,1,1,0,0,5.150083485124468,2181417.0,-23.785823618317814,14.323862524762017,6.865401987353215,MENA
Iran,2016,1657005.0,6.5,5975.217,6.8,-0.644883,3.3,10978.312,7.8,1.268,-1.78017,0,1,0,0,0,0,-0.3334638558021408,2181417.0,-24.039970349548025,14.320522313905656,7.185122569737956,MENA
Iran,2017,2486770.0,3.0,6263.722,8.2,-0.699443,7.8,10756.742,11.2,1.384,-1.706232,0,0,0,0,0,0,50.076191683187446,2181417.0,13.997919700818318,14.726495237608235,9.148264984227117,MENA
Iran,2018,1982358.0,-3.7,4187.328,26.9,-0.968601,3.5,9917.054,16.3,1.633,-1.124112,0,0,0,0,0,0,-20.283821985949647,2181417.0,-9.12521539898149,14.499797603191901,17.9913294797688,MENA
Iran,2019,2075123.0,-2.4,3035.117,34.8,-1.255613,1.3,9387.652,15.2,1.837,-1.192454,0,0,0,0,0,0,4.679528117524678,2181417.0,-4.872704301836839,14.545530986998552,12.49234537660746,MENA
Iran,2020,405013.0,4.4,2493.037,36.5,-1.221325,1.8,8758.704,12.3,2.111,-1.039605,1,0,0,0,0,0,-80.48245814826399,2181417.0,-81.43349024968633,12.911674444338955,14.91562329885685,MENA
Iran,2021,1090452.0,4.1,3656.385,40.2,-1.157777,11.8,9836.039,19.6,2.726,-0.972106,1,0,0,0,0,0,169.23876517543883,2181417.0,-50.011758412078024,13.902102847148877,29.133112269066785,MENA
Iran,2022,2332813.0,4.4,4760.965,45.8,-1.14484,5.4,10881.992,72.3,4.975,-0.935034,0,0,0,0,1,0,113.9308286838852,2181417.0,6.9402594735440415,14.66258539348328,82.50183418928832,MENA
Iran,2023,2506158.0,5.3,4940.258,40.7,-1.269411,5.0,13516.335,53.9,8.074,-0.884477,0,0,0,0,1,1,7.430728481022686,2181417.0,14.88669979192423,14.734261461133826,62.29145728643217,MENA
Iran,2024,3274272.0,3.7,4834.448,32.5,-1.581188,3.3,15882.632,58.5,12.548,-0.97071,0,0,0,0,1,1,30.649065222543825,2181417.0,50.09839934317923,15.001606112265053,55.41243497646769,MENA
Iran,2025,3030718.0,-1.5,4263.822,50.9,,3.6,18611.136,34.9,16.647,,0,0,0,0,1,1,-7.4384168450269295,2181417.0,38.93345472232039,14.92431011311046,32.66656040803313,MENA
Iraq,2003,28124.0,-36.7,608.655,,-2.4735,5.8,4750.989,25.3,0.591,-0.624468,0,0,0,0,0,0,,1119442.6666666667,-97.48767839234286,10.244378583319053,,MENA
Iraq,2004,109805.0,53.4,1373.738,,-2.842326,9.9,6040.164,8.6,0.646,-0.677982,0,0,0,0,0,0,290.43165979234817,1119442.6666666667,-90.19110104790241,11.606461344361394,9.306260575296111,MENA
Iraq,2005,108595.0,1.7,1828.738,37.0,-2.60758,9.1,7405.476,8.1,0.671,-0.373772,0,0,0,0,0,0,-1.1019534629570615,1119442.6666666667,-90.299190549583,11.595380644906422,3.8699690402476783,MENA
Iraq,2006,114067.0,5.6,2321.258,53.2,-2.668404,7.1,8007.819,9.6,0.712,-0.338799,0,0,0,0,0,0,5.038906026980983,1119442.6666666667,-89.81037587752002,11.64454127403553,6.11028315946347,MENA
Iraq,2007,141082.0,1.9,3090.851,30.8,-2.59261,5.1,9790.887,8.8,0.736,-0.58333,0,0,0,0,0,0,23.683449200908235,1119442.6666666667,-87.39712142470897,11.857096560603347,3.370786516853941,MENA
Iraq,2008,213385.0,8.2,4472.118,2.7,-2.280343,0.9,11089.025,10.4,0.809,-0.604511,0,0,0,0,0,0,51.248919068343234,1119442.6666666667,-80.93828238337649,12.270853324845087,9.918478260869579,MENA
Iraq,2009,283957.0,3.4,3701.862,-2.8,-2.111527,-4.9,9108.034,6.2,0.849,-0.552293,0,0,0,0,0,0,33.072615225999954,1119442.6666666667,-74.63407386056396,12.556578097229222,4.944375772558707,MENA
Iraq,2010,267936.0,6.4,4473.71,2.4,-2.187694,8.5,10705.548,8.6,0.897,-0.548691,0,0,0,0,0,0,-5.642051437365514,1119442.6666666667,-76.06523246091508,12.498503425004158,5.653710247349819,MENA
Iraq,2011,356187.0,7.5,5848.537,5.6,-1.913135,11.0,11361.902,6.5,0.952,-0.696616,0,0,1,0,0,0,32.937343246148345,1119442.6666666667,-68.18175592139899,12.783211152821325,6.131549609810483,MENA
Iraq,2012,521501.0,13.9,6692.576,6.1,-1.976426,4.8,11738.279,8.9,1.002,-0.919687,0,0,1,0,0,0,46.412137444656885,1119442.6666666667,-53.414228747162284,13.164466470966667,5.252100840336138,MENA
Iraq,2013,711604.0,7.6,7021.406,1.9,-2.103964,8.5,12639.299,7.5,1.047,-1.032178,0,0,1,0,0,0,36.453046111129225,1119442.6666666667,-36.43229607114017,13.475276855893489,4.491017964071853,MENA
Iraq,2014,796825.0,0.7,6704.313,2.2,-2.253827,4.6,12222.238,8.9,1.107,-0.799807,0,0,1,0,0,0,11.975902327699117,1119442.6666666667,-28.81948993665896,13.588390360262332,5.730659025787976,MENA
Iraq,2015,933754.0,2.5,5044.624,1.4,-2.244909,5.8,11099.8,7.7,1.183,-1.109349,0,0,1,1,0,0,17.184325290998647,1119442.6666666667,-16.58759954358241,13.746968299221862,6.865401987353215,MENA
Iraq,2016,425203.0,16.2,4656.709,0.5,-2.229176,3.3,10978.312,7.8,1.268,-1.78017,0,1,0,0,0,0,-54.463059863732845,1119442.6666666667,-62.01654513793768,12.960321980928333,7.185122569737956,MENA
Iraq,2017,871271.0,-1.5,5117.127,0.2,-2.167725,7.8,10756.742,11.2,1.384,-1.706232,0,0,0,0,0,0,104.90706791814732,1119442.6666666667,-22.169216348135144,13.677708344066247,9.148264984227117,MENA
Iraq,2018,1116808.0,2.6,6037.885,0.4,-2.171925,3.5,9917.054,16.3,1.633,-1.124112,0,0,0,0,0,0,28.181472813854704,1119442.6666666667,-0.23535521247478597,13.925985174288371,17.9913294797688,MENA
Iraq,2019,1370249.0,5.6,6048.921,-0.2,-2.222725,1.3,9387.652,15.2,1.837,-1.192454,0,0,0,0,0,0,22.693336723948974,1119442.6666666667,22.40457156060991,14.130503033114262,12.49234537660746,MENA
Iraq,2020,412791.0,-12.4,4547.33,0.6,-2.181474,1.8,8758.704,12.3,2.111,-1.039605,1,0,0,0,0,0,-69.8747453929906,1119442.6666666667,-63.12531116674727,12.930696690586235,14.91562329885685,MENA
Iraq,2021,819830.0,1.4,5116.534,6.0,-2.172268,11.8,9836.039,19.6,2.726,-0.972106,1,0,0,0,0,0,98.60655876702738,1119442.6666666667,-26.764449452227424,13.61685228067411,29.133112269066785,MENA
Iraq,2022,1234827.0,7.7,6818.152,5.0,-2.229428,5.4,10881.992,72.3,4.975,-0.935034,0,0,0,0,1,0,50.61988461022406,1119442.6666666667,10.307301728717388,14.0264414372603,82.50183418928832,MENA
Iraq,2023,1086747.0,0.9,6250.549,4.4,-2.224695,5.0,13516.335,53.9,8.074,-0.884477,0,0,0,0,1,1,-11.991963246673421,1119442.6666666667,-2.9207093529875605,13.89869938832273,62.29145728643217,MENA
Iraq,2024,994699.0,0.1,6451.08,2.6,-2.064276,3.3,15882.632,58.5,12.548,-0.97071,0,0,0,0,1,1,-8.47004868658483,1119442.6666666667,-11.143372535380703,13.81019545781176,55.41243497646769,MENA
Iraq,2025,1052556.0,-0.4,5803.262,0.3,,3.6,18611.136,34.9,16.647,,0,0,0,0,1,1,5.816533443785499,1119442.6666666667,-5.974997081881228,13.86673204977408,32.66656040803313,MENA
Israel,2003,307359.0,1.4,19631.733,0.7,-1.18255,5.8,4750.989,25.3,0.591,-0.624468,0,0,0,0,0,0,,462799.0,-33.58693514895236,12.635771724483297,,MENA
Israel,2004,284475.0,4.7,20558.752,-0.4,-0.945312,9.9,6040.164,8.6,0.646,-0.677982,0,0,0,0,0,0,-7.445365191844067,462799.0,-38.53163036220908,12.55840065522521,9.306260575296111,MENA
Israel,2005,388339.0,4.4,21271.627,1.3,-0.923457,9.1,7405.476,8.1,0.671,-0.373772,0,0,0,0,0,0,36.510765445118196,462799.0,-16.089058100816988,12.86963394848204,3.8699690402476783,MENA
Israel,2006,359114.0,5.6,22506.243,2.1,-0.984717,7.1,8007.819,9.6,0.712,-0.338799,0,0,0,0,0,0,-7.525641256737026,462799.0,-22.403894563298543,12.791395165809002,6.11028315946347,MENA
Israel,2007,503570.0,6.3,25702.988,0.5,-0.826796,5.1,9790.887,8.8,0.736,-0.58333,0,0,0,0,0,0,40.22566650144523,462799.0,8.80965602777879,13.129478008289736,3.370786516853941,MENA
Israel,2008,559737.0,3.2,30240.201,4.6,-0.827965,0.9,11089.025,10.4,0.809,-0.604511,0,0,0,0,0,0,11.1537621383323,462799.0,20.946026244654803,13.235222309537441,9.918478260869579,MENA
Israel,2009,316466.0,1.2,28482.937,3.3,-1.047561,-4.9,9108.034,6.2,0.849,-0.552293,0,0,0,0,0,0,-43.46166145886372,462799.0,-31.619126229745532,12.664971089835388,4.944375772558707,MENA
Israel,2010,110322.0,5.5,31410.39,2.7,-0.756258,8.5,10705.548,8.6,0.897,-0.548691,0,0,0,0,0,0,-65.13938306168751,462799.0,-76.16200553588058,11.611158641381897,5.653710247349819,MENA
Israel,2011,79420.0,5.5,34488.9,3.5,-0.80978,11.0,11361.902,6.5,0.952,-0.696616,0,0,1,0,0,0,-28.010732220228064,462799.0,-82.83920233189787,11.282505504685242,6.131549609810483,MENA
Israel,2012,83837.0,2.4,33282.519,1.7,-0.776944,4.8,11738.279,8.9,1.002,-0.919687,0,0,1,0,0,0,5.561571392596321,462799.0,-81.88479231804736,11.336629716471915,5.252100840336138,MENA
Israel,2013,164641.0,4.1,36996.131,1.5,-0.885514,8.5,12639.299,7.5,1.047,-1.032178,0,0,1,0,0,0,96.38226558679341,462799.0,-64.42494473842856,12.011522624907546,4.491017964071853,MENA
Israel,2014,189702.0,3.7,38282.313,0.5,-0.592453,4.6,12222.238,8.9,1.107,-0.799807,0,0,1,0,0,0,15.221603367326498,462799.0,-59.00985092880495,12.153209698830102,5.730659025787976,MENA
Israel,2015,224087.0,2.2,36152.474,-0.6,-0.611391,5.8,11099.8,7.7,1.183,-1.109349,0,0,1,1,0,0,18.12579730313861,462799.0,-51.58005959390578,12.319789648289339,6.865401987353215,MENA
Israel,2016,294041.0,4.5,37582.521,-0.5,-0.35465,3.3,10978.312,7.8,1.268,-1.78017,0,1,0,0,0,0,31.217339693958145,462799.0,-36.46464231772325,12.591474492380078,7.185122569737956,MENA
Israel,2017,378825.0,4.3,41030.159,0.2,-0.450148,7.8,10756.742,11.2,1.384,-1.706232,0,0,0,0,0,0,28.83407415972603,462799.0,-18.144810165968384,12.844829636004363,9.148264984227117,MENA
Israel,2018,441421.0,4.1,42285.344,0.8,-0.344696,3.5,9917.054,16.3,1.633,-1.124112,0,0,0,0,0,0,16.523724674981842,462799.0,-4.619283965609256,12.997754347567955,17.9913294797688,MENA
Israel,2019,568151.0,3.6,44106.474,0.8,-0.436114,1.3,9387.652,15.2,1.837,-1.192454,0,0,0,0,0,0,28.7095539179151,462799.0,22.76409413157765,13.250142507443172,12.49234537660746,MENA
Israel,2020,139387.0,-1.8,44594.51,-0.6,-0.567841,1.8,8758.704,12.3,2.111,-1.039605,1,0,0,0,0,0,-75.46655730606828,462799.0,-69.881741317505,11.845009516144952,14.91562329885685,MENA
Israel,2021,224276.0,9.3,52280.982,1.5,-0.699899,11.8,9836.039,19.6,2.726,-0.972106,1,0,0,0,0,0,60.90166227840472,462799.0,-51.5392211305556,12.320632715229271,29.133112269066785,MENA
Israel,2022,831188.0,6.4,54983.858,4.4,-0.904997,5.4,10881.992,72.3,4.975,-0.935034,0,0,0,0,1,0,270.6094276694787,462799.0,79.60021521221957,13.630611281704327,82.50183418928832,MENA
Israel,2023,779177.0,2.1,52146.476,4.2,-1.042316,5.0,13516.335,53.9,8.074,-0.884477,0,0,0,0,1,1,-6.257429125540792,462799.0,68.36185903599619,13.565993513421015,62.29145728643217,MENA
Israel,2024,83783.0,1.0,54294.192,3.1,-1.037501,3.3,15882.632,58.5,12.548,-0.97071,0,0,0,0,1,1,-89.2472442076704,462799.0,-81.89646045043312,11.335985401928683,55.41243497646769,MENA
Israel,2025,119756.0,2.9,60334.813,3.0,,3.6,18611.136,34.9,16.647,,0,0,0,0,1,1,42.935917787618,462799.0,-74.12353959278218,11.693211618402113,32.66656040803313,MENA
Netherlands,2003,973935.0,0.1,35960.302,2.2,1.139888,5.8,4750.989,25.3,0.591,-0.624468,0,0,0,0,0,0,,984623.6666666666,-1.0855585772025944,13.789099845284849,,Western Europe
Netherlands,2004,1200547.0,2.0,40652.199,1.4,0.864576,9.9,6040.164,8.6,0.646,-0.677982,0,0,0,0,0,0,23.267671867219075,984623.6666666666,21.929529082346534,13.99828784423111,9.306260575296111,Western Europe
Netherlands,2005,1251463.0,2.0,42225.811,1.5,1.009312,9.1,7405.476,8.1,0.671,-0.373772,0,0,0,0,0,0,4.241066780392599,984623.6666666666,27.100641835747076,14.039823824894354,3.8699690402476783,Western Europe
Netherlands,2006,1003954.0,3.5,45158.785,1.6,0.963403,7.1,8007.819,9.6,0.712,-0.338799,0,0,0,0,0,0,-19.777572329345738,984623.6666666666,1.9632204656195196,13.819456761451125,6.11028315946347,Western Europe
Netherlands,2007,1081436.0,3.9,52182.448,1.6,0.930446,5.1,9790.887,8.8,0.736,-0.58333,0,0,0,0,0,0,7.717684276371228,984623.6666666666,9.832419899176381,13.893800345555332,3.370786516853941,Western Europe
Netherlands,2008,1166101.0,2.1,58383.013,2.2,0.977596,0.9,11089.025,10.4,0.809,-0.604511,0,0,0,0,0,0,7.82894225825661,984623.6666666666,18.431136633928837,13.969176263067443,9.918478260869579,Western Europe
Netherlands,2009,1157131.0,-3.7,53257.987,1.0,1.055733,-4.9,9108.034,6.2,0.849,-0.552293,0,0,0,0,0,0,-0.7692301095702736,984623.6666666666,17.520128671834346,13.961454223621274,4.944375772558707,Western Europe
Netherlands,2010,1087823.0,1.3,51472.808,0.9,0.992427,8.5,10705.548,8.6,0.897,-0.548691,0,0,0,0,0,0,-5.989641622253661,984623.6666666666,10.481094130380097,13.899689009340047,5.653710247349819,Western Europe
Netherlands,2011,1229730.0,1.8,54814.546,2.5,1.082706,11.0,11361.902,6.5,0.952,-0.696616,0,0,1,0,0,0,13.0450450119183,984623.6666666666,24.893402589348025,14.02230519105715,6.131549609810483,Western Europe
Netherlands,2012,1287704.0,-1.0,50580.212,2.8,1.127533,4.8,11738.279,8.9,1.002,-0.919687,0,0,1,0,0,0,4.714368194644347,984623.6666666666,30.78133743822937,14.068371345570633,5.252100840336138,Western Europe
Netherlands,2013,1321274.0,0.0,52680.978,2.6,1.056934,8.5,12639.299,7.5,1.047,-1.032178,0,0,1,0,0,0,2.6069655759398014,984623.6666666666,34.1907618849977,14.09410698061845,4.491017964071853,Western Europe
Netherlands,2014,1308313.0,1.6,53584.489,0.3,1.069195,4.6,12222.238,8.9,1.107,-0.799807,0,0,1,0,0,0,-0.9809471767400213,984623.6666666666,32.874421394840866,14.084249079008494,5.730659025787976,Western Europe
Netherlands,2015,1238537.0,2.1,45904.668,0.2,0.911876,5.8,11099.8,7.7,1.183,-1.109349,0,0,1,1,0,0,-5.333280338879154,984623.6666666666,25.787856003190402,14.029441402313914,6.865401987353215,Western Europe
Netherlands,2016,915643.0,2.4,46936.707,0.1,0.880799,3.3,10978.312,7.8,1.268,-1.78017,0,1,0,0,0,0,-26.07059781015828,984623.6666666666,-7.00579002942241,13.72738182969741,7.185122569737956,Western Europe
Netherlands,2017,807210.0,2.8,49640.48,1.3,0.782024,7.8,10756.742,11.2,1.384,-1.706232,0,0,0,0,0,0,-11.842279141543155,984623.6666666666,-18.018423959610963,13.601339136448269,9.148264984227117,Western Europe
Netherlands,2018,1020469.0,2.3,54138.331,1.6,0.793099,3.5,9917.054,16.3,1.633,-1.124112,0,0,0,0,0,0,26.419271317253255,984623.6666666666,3.6405110446597,13.835772883504593,17.9913294797688,Western Europe
Netherlands,2019,1126192.0,2.3,53755.165,2.7,0.698545,1.3,9387.652,15.2,1.837,-1.192454,0,0,0,0,0,0,10.360236322710437,984623.6666666666,14.377912914951274,13.934352588243417,12.49234537660746,Western Europe
Netherlands,2020,278193.0,-3.9,53529.218,1.1,0.709289,1.8,8758.704,12.3,2.111,-1.039605,1,0,0,0,0,0,-75.29790657365707,984623.6666666666,-71.74626109264757,12.536070396400783,14.91562329885685,Western Europe
Netherlands,2021,632691.0,6.3,60380.434,2.8,0.732977,11.8,9836.039,19.6,2.726,-0.972106,1,0,0,0,0,0,127.42879943061114,984623.6666666666,-35.74286080874892,13.357737430282736,29.133112269066785,Western Europe
Netherlands,2022,1262308.0,5.0,59540.881,11.6,0.62523,5.4,10881.992,72.3,4.975,-0.935034,0,0,0,0,1,0,99.51413881341762,984623.6666666666,28.202077883563636,14.048452349358516,82.50183418928832,Western Europe
Netherlands,2023,1236080.0,-0.6,63768.728,4.1,0.60844,5.0,13516.335,53.9,8.074,-0.884477,0,0,0,0,1,1,-2.07778133387414,984623.6666666666,25.538319039660173,14.0274556398243,62.29145728643217,Western Europe
Netherlands,2024,1312023.0,1.1,67690.232,3.2,0.42812,3.3,15882.632,58.5,12.548,-0.97071,0,0,0,0,1,1,6.143858002718261,984623.6666666666,33.25121510045632,14.087080778820319,55.41243497646769,Western Europe
Netherlands,2025,1284384.0,1.9,73832.752,3.0,,3.6,18611.136,34.9,16.647,,0,0,0,0,1,1,-2.1065941679376032,984623.6666666666,30.44415277444412,14.065789783941456,32.66656040803313,Western Europe
Qatar,2003,1151.0,4.0,35919.758,2.3,1.175779,5.8,4750.989,25.3,0.591,-0.624468,0,0,0,0,0,0,,82314.66666666667,-98.60170726966437,7.048386408721883,,MENA
Qatar,2004,2580.0,19.2,42548.115,6.8,0.988216,9.9,6040.164,8.6,0.646,-0.677982,0,0,0,0,0,0,124.15291051259776,82314.66666666667,-96.86568614746663,7.855544677915663,9.306260575296111,MENA
Qatar,2005,1843.0,7.8,54357.783,9.0,1.075569,9.1,7405.476,8.1,0.671,-0.373772,0,0,0,0,0,0,-28.56589147286822,82314.66666666667,-97.76103084100039,7.519149957669823,3.8699690402476783,MENA
Qatar,2006,2413.0,28.1,60591.776,11.7,1.02967,7.1,8007.819,9.6,0.712,-0.338799,0,0,0,0,0,0,30.927835051546392,82314.66666666667,-97.06856615264999,7.7886260656250315,6.11028315946347,MENA
Qatar,2007,3593.0,18.2,65934.266,13.7,1.023033,5.1,9790.887,8.8,0.736,-0.58333,0,0,0,0,0,0,48.901782014090344,82314.66666666667,-95.63504276273164,8.186742787113518,3.370786516853941,MENA
Qatar,2008,4788.0,17.5,72484.634,15.1,1.067058,0.9,11089.025,10.4,0.809,-0.604511,0,0,0,0,0,0,33.259114945727795,82314.66666666667,-94.18329661785668,8.473868066677865,9.918478260869579,MENA
Qatar,2009,4916.0,13.1,53822.909,-4.9,1.325252,-4.9,9108.034,6.2,0.849,-0.552293,0,0,0,0,0,0,2.6733500417710943,82314.66666666667,-94.02779577556045,8.500250470685925,4.944375772558707,MENA
Qatar,2010,6041.0,17.7,69796.138,-2.4,1.176567,8.5,10705.548,8.6,0.897,-0.548691,0,0,0,0,0,0,22.88445890968267,82314.66666666667,-92.66108915381625,8.706324840138741,5.653710247349819,MENA
Qatar,2011,7592.0,11.3,96827.857,2.0,1.090881,11.0,11361.902,6.5,0.952,-0.696616,0,0,1,0,0,0,25.67455719251779,82314.66666666667,-90.77685629130491,8.934850340289763,6.131549609810483,MENA
Qatar,2012,13778.0,4.7,101933.117,1.8,1.156542,4.8,11738.279,8.9,1.002,-0.919687,0,0,1,0,0,0,81.48050579557429,82314.66666666667,-83.26179214720746,9.530828396153142,5.252100840336138,MENA
Qatar,2013,18513.0,5.6,99180.39,3.1,1.112108,8.5,12639.299,7.5,1.047,-1.032178,0,0,1,0,0,0,34.36638118740021,82314.66666666667,-77.50947583257744,9.826228466989177,4.491017964071853,MENA
Qatar,2014,29678.0,5.3,93054.141,4.2,1.105696,4.6,12222.238,8.9,1.107,-0.799807,0,0,1,0,0,0,60.30897207367796,82314.66666666667,-63.94567189322275,10.298161309566071,5.730659025787976,MENA
Qatar,2015,35973.0,4.8,66346.911,0.9,0.967346,5.8,11099.8,7.7,1.183,-1.109349,0,0,1,1,0,0,21.21099804569042,82314.66666666667,-56.29818906310743,10.490523936047543,6.865401987353215,MENA
Qatar,2016,33004.0,3.1,57965.377,2.7,0.829236,3.3,10978.312,7.8,1.268,-1.78017,0,1,0,0,0,0,-8.253412281433292,82314.66666666667,-59.90507969418169,10.404384045224234,7.185122569737956,MENA
Qatar,2017,48121.0,-1.5,59127.513,0.6,0.835728,7.8,10756.742,11.2,1.384,-1.706232,0,0,0,0,0,0,45.80353896497393,82314.66666666667,-41.540187248930934,10.781473951252568,9.148264984227117,MENA
Qatar,2018,90327.0,1.2,66421.617,0.1,0.870719,3.5,9917.054,16.3,1.633,-1.124112,0,0,0,0,0,0,87.70806924211882,82314.66666666667,9.733785797589722,11.41119169803475,17.9913294797688,MENA
Qatar,2019,108496.0,0.7,63007.696,-0.9,0.882266,1.3,9387.652,15.2,1.837,-1.192454,0,0,0,0,0,0,20.114694388167443,82314.66666666667,31.806401451341195,11.594468584923623,12.49234537660746,MENA
Qatar,2020,38318.0,-3.6,50962.499,-2.5,0.890508,1.8,8758.704,12.3,2.111,-1.039605,1,0,0,0,0,0,-64.68256894263382,82314.66666666667,-53.44936503822729,10.553675038655937,14.91562329885685,MENA
Qatar,2021,79583.0,1.6,65400.854,2.3,0.925951,11.8,9836.039,19.6,2.726,-0.972106,1,0,0,0,0,0,107.69090244793568,82314.66666666667,-3.3185661526500043,11.28455578118442,29.133112269066785,MENA
Qatar,2022,95437.0,4.2,80385.391,5.0,0.916318,5.4,10881.992,72.3,4.975,-0.935034,0,0,0,0,1,0,19.921339984670094,82314.66666666667,15.941670986134504,11.466221622916486,82.50183418928832,MENA
Qatar,2023,68390.0,1.5,70946.184,3.1,1.014715,5.0,13516.335,53.9,8.074,-0.884477,0,0,0,0,1,1,-28.340161572555722,82314.66666666667,-16.91638590125697,11.132981894092142,62.29145728643217,MENA
Qatar,2024,58312.0,2.4,69719.505,1.2,0.951175,3.3,15882.632,58.5,12.548,-0.97071,0,0,0,0,1,1,-14.736072525222987,82314.66666666667,-29.159647531424138,10.97356318306205,55.41243497646769,MENA
Qatar,2025,51507.0,2.8,69680.131,0.6,,3.6,18611.136,34.9,16.647,,0,0,0,0,1,1,-11.669982164906024,82314.66666666667,-37.4267040300635,10.849472999745322,32.66656040803313,MENA
Russia,2003,1300299.0,7.4,3165.547,13.7,-1.015568,5.8,4750.989,25.3,0.591,-0.624468,0,0,0,0,0,0,,5879271.333333333,-77.88333066671413,14.078104795985821,,Former Soviet
Russia,2004,1579451.0,7.1,4362.128,10.9,-1.209335,9.9,6040.164,8.6,0.646,-0.677982,0,0,0,0,0,0,21.46829306182656,5879271.333333333,-73.13525927872921,14.272587876267604,9.306260575296111,Former Soviet
Russia,2005,1878179.0,6.4,5655.11,12.7,-1.099717,9.1,7405.476,8.1,0.671,-0.373772,0,0,0,0,0,0,18.91340725353303,5879271.333333333,-68.05422145850955,14.445813248372243,3.8699690402476783,Former Soviet
Russia,2006,1782568.0,8.2,7362.107,9.7,-0.696364,7.1,8007.819,9.6,0.712,-0.338799,0,0,0,0,0,0,-5.090622352821539,5879271.333333333,-69.68046040172553,14.393565579210549,6.11028315946347,Former Soviet
Russia,2007,2353333.0,8.6,9685.931,9.0,-0.621804,5.1,9790.887,8.8,0.736,-0.58333,0,0,0,0,0,0,32.01925536641519,5879271.333333333,-59.97236959183263,14.671343179158246,3.370786516853941,Former Soviet
Russia,2008,2863857.0,5.2,12371.087,14.1,-0.462068,0.9,11089.025,10.4,0.809,-0.604511,0,0,0,0,0,0,21.69365746369085,5879271.333333333,-51.288912560252655,14.867679875648523,9.918478260869579,Former Soviet
Russia,2009,2696784.0,-7.8,9091.086,11.6,-0.694921,-4.9,9108.034,6.2,0.849,-0.552293,0,0,0,0,0,0,-5.833845754169986,5879271.333333333,-54.13064226666637,14.807570509926808,4.944375772558707,Former Soviet
Russia,2010,3087737.0,4.5,11346.212,6.8,-0.712889,8.5,10705.548,8.6,0.897,-0.548691,0,0,0,0,0,0,14.497008288390912,5879271.333333333,-47.48095767423332,14.942949018105988,5.653710247349819,Former Soviet
Russia,2011,3446915.0,4.0,14208.329,8.4,-0.940576,11.0,11361.902,6.5,0.952,-0.696616,0,0,1,0,0,0,11.632402630146288,5879271.333333333,-41.371731213403194,15.052990186071085,6.131549609810483,Former Soviet
Russia,2012,3585728.0,4.0,15187.957,5.1,-0.901598,4.8,11738.279,8.9,1.002,-0.919687,0,0,1,0,0,0,4.027166321188647,5879271.333333333,-39.01067331813341,15.09247207974058,5.252100840336138,Former Soviet
Russia,2013,4269220.0,1.8,15825.474,6.8,-0.827958,8.5,12639.299,7.5,1.047,-1.032178,0,0,1,0,0,0,19.0614569761008,5879271.333333333,-27.38521905265584,15.266941698729422,4.491017964071853,Former Soviet
Russia,2014,4482388.0,0.7,14137.163,7.8,-0.69966,4.6,12222.238,8.9,1.107,-0.799807,0,0,1,0,0,0,4.993136919624663,5879271.333333333,-23.75946361606942,15.31566649809238,5.730659025787976,Former Soviet
Russia,2015,3652430.0,-2.0,9336.767,15.5,-0.790589,5.8,11099.8,7.7,1.183,-1.109349,0,0,1,1,0,0,-18.515978536440848,5879271.333333333,-37.87614496898538,15.110903257467832,6.865401987353215,Former Soviet
Russia,2016,855714.0,0.2,8784.877,7.0,-0.768461,3.3,10978.312,7.8,1.268,-1.78017,0,1,0,0,0,0,-76.57137850691184,5879271.333333333,-85.44523714786878,13.659691487146446,7.185122569737956,Former Soviet
Russia,2017,4699557.0,1.8,10774.842,3.7,-0.53862,7.8,10756.742,11.2,1.384,-1.706232,0,0,0,0,0,0,449.1971616685014,5879271.333333333,-20.065655528513904,15.362978806918827,9.148264984227117,Former Soviet
Russia,2018,5937850.0,2.8,11288.694,2.9,-0.368104,3.5,9917.054,16.3,1.633,-1.124112,0,0,0,0,0,0,26.349143121362296,5879271.333333333,0.9963592994007175,15.596857672956126,17.9913294797688,Former Soviet
Russia,2019,7000407.0,2.2,11572.297,4.5,-0.398649,1.3,9387.652,15.2,1.837,-1.192454,0,0,0,0,0,0,17.89464200005053,5879271.333333333,19.0692962291132,15.7614788481865,12.49234537660746,Former Soviet
Russia,2020,2124373.0,-2.7,10166.732,3.4,-0.506898,1.8,8758.704,12.3,2.111,-1.039605,1,0,0,0,0,0,-69.65357871335196,5879271.333333333,-63.86672974326637,14.568987257978705,14.91562329885685,Former Soviet
Russia,2021,4658759.0,5.9,12540.967,6.7,-0.50619,11.8,9836.039,19.6,2.726,-0.972106,1,0,0,0,0,0,119.30042417221456,5879271.333333333,-20.7595850596905,15.354259661622411,29.133112269066785,Former Soviet
Russia,2022,5080835.0,-1.4,15774.227,13.7,-0.74094,5.4,10881.992,72.3,4.975,-0.935034,0,0,0,0,1,0,9.059837609114352,5879271.333333333,-13.580532145310064,15.440986176126124,82.50183418928832,Former Soviet
Russia,2023,6436491.0,4.1,13989.783,5.9,-0.818416,5.0,13516.335,53.9,8.074,-0.884477,0,0,0,0,1,1,26.68175604994061,5879271.333333333,9.47769944733514,15.677494073805388,62.29145728643217,Former Soviet
Russia,2024,6726010.0,4.9,15093.504,8.4,-0.903285,3.3,15882.632,58.5,12.548,-0.97071,0,0,0,0,1,1,4.49808754490606,5879271.333333333,14.402102210625433,15.721492658049014,55.41243497646769,Former Soviet
Russia,2025,6908178.0,1.0,17972.117,8.7,,3.6,18611.136,34.9,16.647,,0,0,0,0,1,1,2.7084110787822135,5879271.333333333,17.500581421257767,15.748216485143141,32.66656040803313,Former Soviet
Syria,2003,146552.0,-2.0,1208.885,5.8,-0.027615,5.8,4750.989,25.3,0.591,-0.624468,0,0,0,0,0,0,,585169.3333333334,-74.95562538023182,11.895135593265294,,MENA
Syria,2004,192174.0,6.9,1361.499,4.4,-0.37855,9.9,6040.164,8.6,0.646,-0.677982,0,0,0,0,0,0,31.130247284240408,585169.3333333334,-67.15924963030643,12.166156490613316,9.306260575296111,MENA
Syria,2005,274718.0,6.2,1510.392,7.2,-0.463964,9.1,7405.476,8.1,0.671,-0.373772,0,0,0,0,0,0,42.95274074536617,585169.3333333334,-53.05324726517908,12.523500395965023,3.8699690402476783,MENA
Syria,2006,271848.0,5.0,1726.028,10.4,-0.532526,7.1,8007.819,9.6,0.712,-0.338799,0,0,0,0,0,0,-1.0447076638589348,585169.3333333334,-53.543703588932665,12.51299836554866,6.11028315946347,MENA
Syria,2007,322487.0,5.7,2016.052,4.7,-0.563163,5.1,9790.887,8.8,0.736,-0.58333,0,0,0,0,0,0,18.627689002677972,585169.3333333334,-44.8899691713168,12.683818104327973,3.370786516853941,MENA
Syria,2008,398331.0,4.5,2557.211,15.2,-0.594826,0.9,11089.025,10.4,0.809,-0.604511,0,0,0,0,0,0,23.51846741108945,585169.3333333334,-31.928934530631594,12.895038596921896,9.918478260869579,MENA
Syria,2009,501016.0,5.9,2557.267,2.8,-0.526506,-4.9,9108.034,6.2,0.849,-0.552293,0,0,0,0,0,0,25.77881209345996,585169.3333333334,-14.381022473267002,13.124393315684799,4.944375772558707,MENA
Syria,2010,891192.0,3.4,2806.685,4.4,-1.117494,8.5,10705.548,8.6,0.897,-0.548691,0,0,0,0,0,0,77.87695402941223,585169.3333333334,52.29642929567964,13.700315171454184,5.653710247349819,MENA
Syria,2011,965967.0,,,,-2.13376,11.0,11361.902,6.5,0.952,-0.696616,0,0,1,0,0,0,8.39044784962164,585169.3333333334,65.07478177256954,13.780884951120456,6.131549609810483,MENA
Syria,2012,646452.0,,,,-2.455435,4.8,11738.279,8.9,1.002,-0.919687,0,0,1,0,0,0,-33.077216923559504,585169.3333333334,10.472638119564248,13.379254228498008,5.252100840336138,MENA
Syria,2013,1092974.0,,,,-2.465991,8.5,12639.299,7.5,1.047,-1.032178,0,0,1,0,0,0,69.07272311014584,585169.3333333334,86.77909756036428,13.904412979135579,4.491017964071853,MENA
Syria,2014,968340.0,,,,-2.349718,4.6,12222.238,8.9,1.107,-0.799807,0,0,1,0,0,0,-11.403198978200757,585169.3333333334,65.48030541586823,13.783338544257923,5.730659025787976,MENA
Syria,2015,686632.0,,,,-2.438214,5.8,11099.8,7.7,1.183,-1.109349,0,0,1,1,0,0,-29.091847904661584,585169.3333333334,17.339026652114377,13.439553765386329,6.865401987353215,MENA
Syria,2016,363428.0,,,,-2.595535,3.3,10978.312,7.8,1.268,-1.78017,0,1,0,0,0,0,-47.07092008528586,585169.3333333334,-37.89353281215466,12.803336482058556,7.185122569737956,MENA
Syria,2017,509500.0,,,,-2.44538,7.8,10756.742,11.2,1.384,-1.706232,0,0,0,0,0,0,40.19283049187183,585169.3333333334,-12.931185730853977,13.141185131644917,9.148264984227117,MENA
Syria,2018,567000.0,,,,-2.423858,3.5,9917.054,16.3,1.633,-1.124112,0,0,0,0,0,0,11.285574092247309,585169.3333333334,-3.1049701852683187,13.248114582709889,17.9913294797688,MENA
Syria,2019,679008.0,,,,-2.452706,1.3,9387.652,15.2,1.837,-1.192454,0,0,0,0,0,0,19.754497354497346,585169.3333333334,16.036155916122286,13.428388188503826,12.49234537660746,MENA
Syria,2020,240217.0,,,,-2.353676,1.8,8758.704,12.3,2.111,-1.039605,1,0,0,0,0,0,-64.62236085583675,585169.3333333334,-58.949147483235635,12.389297960478338,14.91562329885685,MENA
Syria,2021,431020.0,,,,-2.374524,11.8,9836.039,19.6,2.726,-0.972106,1,0,0,0,0,0,79.42943255473176,585169.3333333334,-26.34268827028986,12.973909771721562,29.133112269066785,MENA
Syria,2022,446135.0,,,,-2.438247,5.4,10881.992,72.3,4.975,-0.935034,0,0,0,0,1,0,3.506797828407038,585169.3333333334,-23.759675262089385,13.00837687578361,82.50183418928832,MENA
Syria,2023,500619.0,,,,-2.437902,5.0,13516.335,53.9,8.074,-0.884477,0,0,0,0,1,1,12.212446905084784,585169.3333333334,-14.448866083207834,13.123600611714213,62.29145728643217,MENA
Syria,2024,446557.0,,,,-2.368072,3.3,15882.632,58.5,12.548,-0.97071,0,0,0,0,1,1,-10.799030799869758,585169.3333333334,-23.68755938452004,13.009322330725368,55.41243497646769,MENA
Syria,2025,929479.0,,,,,3.6,18611.136,34.9,16.647,,0,0,0,0,1,1,108.14341730171067,585169.3333333334,58.83932172339856,13.74237949309659,32.66656040803313,MENA
USA,2003,226114.0,2.8,39405.354,2.3,0.263668,5.8,4750.989,25.3,0.591,-0.624468,0,0,0,0,0,0,,457745.3333333333,-50.60266407230804,12.328794575853772,,Other
USA,2004,293025.0,3.8,41641.617,2.7,0.079779,9.9,6040.164,8.6,0.646,-0.677982,0,0,0,0,0,0,29.591710376181936,457745.3333333333,-35.985147491035775,12.58801320859138,9.306260575296111,Other
USA,2005,439238.0,3.5,44034.256,3.4,0.199347,9.1,7405.476,8.1,0.671,-0.373772,0,0,0,0,0,0,49.8977902909308,457745.3333333333,-4.04315063106414,12.992796686381913,3.8699690402476783,Other
USA,2006,542658.0,2.8,46216.853,3.2,0.419425,7.1,8007.819,9.6,0.712,-0.338799,0,0,0,0,0,0,23.54532167071155,457745.3333333333,18.550198217931957,13.204234566233012,6.11028315946347,Other
USA,2007,662048.0,2.0,47943.353,2.9,0.45956,5.1,9790.887,8.8,0.736,-0.58333,0,0,0,0,0,0,22.000965617387003,457745.3333333333,44.63238656720332,13.403093339843469,3.370786516853941,Other
USA,2008,693199.0,0.1,48470.553,3.8,0.629976,0.9,11089.025,10.4,0.809,-0.604511,0,0,0,0,0,0,4.705247957851988,457745.3333333333,51.437698982549264,13.449072394237435,9.918478260869579,Other
USA,2009,675566.0,-2.6,47102.428,-0.3,0.641191,-4.9,9108.034,6.2,0.849,-0.552293,0,0,0,0,0,0,-2.54371399843335,457745.3333333333,47.58555703462479,13.423306137012933,4.944375772558707,Other
USA,2010,646859.0,2.7,48586.288,1.6,0.616351,8.5,10705.548,8.6,0.897,-0.548691,0,0,0,0,0,0,-4.249325750555832,457745.3333333333,41.31416595545121,13.379883620830457,5.653710247349819,Other
USA,2011,761549.0,1.6,50008.108,3.1,0.624543,11.0,11361.902,6.5,0.952,-0.696616,0,0,1,0,0,0,17.730293618856653,457745.3333333333,66.36958250439109,13.54310979593137,6.131549609810483,Other
USA,2012,777921.0,2.3,51736.738,2.1,0.620748,4.8,11738.279,8.9,1.002,-0.919687,0,0,1,0,0,0,2.1498288357019613,457745.3333333333,69.94624376290747,13.564380255588295,5.252100840336138,Other
USA,2013,791477.0,2.1,53363.904,1.5,0.579523,8.5,12639.299,7.5,1.047,-1.032178,0,0,1,0,0,0,1.7425933995868448,457745.3333333333,72.90771578956567,13.58165609913178,4.491017964071853,Other
USA,2014,790469.0,2.5,55263.817,1.6,0.668123,4.6,12222.238,8.9,1.107,-0.799807,0,0,1,0,0,0,-0.12735682780421476,457745.3333333333,72.68750600770734,13.580381719176435,5.730659025787976,Other
USA,2015,808009.0,2.9,57006.926,0.1,0.665879,5.8,11099.8,7.7,1.183,-1.109349,0,0,1,1,0,0,2.218935846946568,457745.3333333333,76.51933098171035,13.60232847605506,6.865401987353215,Other
USA,2016,469965.0,1.8,58179.697,1.3,0.327915,3.3,10978.312,7.8,1.268,-1.78017,0,1,0,0,0,0,-41.83666271044011,457745.3333333333,2.669533860166795,13.060413502828249,7.185122569737956,Other
USA,2017,338035.0,2.5,60292.978,2.1,0.110129,7.8,10756.742,11.2,1.384,-1.706232,0,0,0,0,0,0,-28.072303256625496,457745.3333333333,-26.15216903722303,12.730904719400051,9.148264984227117,Other
USA,2018,449898.0,3.0,63165.278,2.4,0.290496,3.5,9917.054,16.3,1.633,-1.124112,0,0,0,0,0,0,33.09213542976319,457745.3333333333,-1.7143448030782715,13.016776169387064,17.9913294797688,Other
USA,2019,585303.0,2.6,65561.32,1.8,0.054638,1.3,9387.652,15.2,1.837,-1.192454,0,0,0,0,0,0,30.096821946307827,457745.3333333333,27.866513840301298,13.279884940842804,12.49234537660746,Other
USA,2020,151796.0,-2.1,64517.998,1.3,-0.146807,1.8,8758.704,12.3,2.111,-1.039605,1,0,0,0,0,0,-74.0653986055086,457745.3333333333,-66.83832931848568,11.930292793135354,14.91562329885685,Other
USA,2021,370799.0,6.2,71365.73,4.7,-0.1264,11.8,9836.039,19.6,2.726,-0.972106,1,0,0,0,0,0,144.27455268913542,457745.3333333333,-18.99447727848672,12.823415415798571,29.133112269066785,Other
USA,2022,1020611.0,2.5,77948.992,8.0,-0.162609,5.4,10881.992,72.3,4.975,-0.935034,0,0,0,0,1,0,175.24642730967452,457745.3333333333,122.9648072144919,13.835912025527668,82.50183418928832,Other
USA,2023,1349876.0,2.9,82536.095,4.1,-0.193136,5.0,13516.335,53.9,8.074,-0.884477,0,0,0,0,1,1,32.26155704769007,457745.3333333333,194.8967256902674,14.11552329434412,62.29145728643217,Other
USA,2024,1452486.0,2.8,86173.365,3.0,-0.095113,3.3,15882.632,58.5,12.548,-0.97071,0,0,0,0,1,1,7.601438946984751,457745.3333333333,217.31312025027017,14.188787129107535,55.41243497646769,Other
USA,2025,1594610.0,2.1,89991.152,2.7,,3.6,18611.136,34.9,16.647,,0,0,0,0,1,1,9.784879165788851,457745.3333333333,248.36182564395344,14.28213975019605,32.66656040803313,Other
Ukraine,2003,212149.0,9.5,1096.291,5.2,-0.371475,5.8,4750.989,25.3,0.591,-0.624468,0,0,0,0,0,0,,1405789.6666666667,-84.9089088481468,12.265044136973357,,Eastern Europe
Ukraine,2004,290416.0,11.8,1427.178,9.0,-0.557704,9.9,6040.164,8.6,0.646,-0.677982,0,0,0,0,0,0,36.89246708681162,1405789.6666666667,-79.3414330119086,12.57906965683376,9.306260575296111,Eastern Europe
Ukraine,2005,380853.0,3.1,1909.798,13.5,-0.39028,9.1,7405.476,8.1,0.671,-0.373772,0,0,0,0,0,0,31.14050190072173,1405789.6666666667,-72.90825156632015,12.850168752886885,3.8699690402476783,Eastern Europe
Ukraine,2006,476113.0,7.6,2407.9,9.1,-0.184901,7.1,8007.819,9.6,0.712,-0.338799,0,0,0,0,0,0,25.01227507726078,1405789.6666666667,-66.13198892484864,13.073410499997816,6.11028315946347,Eastern Europe
Ukraine,2007,578189.0,8.2,3219.884,12.8,0.045085,5.1,9790.887,8.8,0.736,-0.58333,0,0,0,0,0,0,21.439448198221854,1405789.6666666667,-58.870874234623535,13.267656083824438,3.370786516853941,Eastern Europe
Ukraine,2008,729370.0,2.2,4095.441,25.2,-0.033573,0.9,11089.025,10.4,0.809,-0.604511,0,0,0,0,0,0,26.147332446656723,1405789.6666666667,-48.116704988347,13.499936426815227,9.918478260869579,Eastern Europe
Ukraine,2009,582607.0,-15.1,2654.986,15.9,-0.228303,-4.9,9108.034,6.2,0.849,-0.552293,0,0,0,0,0,0,-20.12188601121516,1405789.6666666667,-58.5566024694543,13.275268138539994,4.944375772558707,Eastern Europe
Ukraine,2010,566296.0,4.1,3096.779,9.4,-0.050513,8.5,10705.548,8.6,0.897,-0.548691,0,0,0,0,0,0,-2.799657401987965,1405789.6666666667,-59.71687561605352,13.246872188682989,5.653710247349819,Eastern Europe
Ukraine,2011,599427.0,5.4,3723.14,8.0,-0.169621,11.0,11361.902,6.5,0.952,-0.696616,0,0,1,0,0,0,5.850473957082514,1405789.6666666667,-57.36012191487156,13.303729477895248,6.131549609810483,Eastern Europe
Ukraine,2012,632423.0,0.2,4024.265,0.6,-0.245801,4.8,11738.279,8.9,1.002,-0.919687,0,0,1,0,0,0,5.504590216990568,1405789.6666666667,-55.01297135726089,13.357313753042568,5.252100840336138,Eastern Europe
Ukraine,2013,754467.0,0.0,4210.3,-0.3,-0.961241,8.5,12639.299,7.5,1.047,-1.032178,0,0,1,0,0,0,19.297843373817834,1405789.6666666667,-46.33144503125053,13.533766818658972,4.491017964071853,Eastern Europe
Ukraine,2014,654935.0,-10.0,3120.566,12.1,-1.992837,4.6,12222.238,8.9,1.107,-0.799807,0,0,1,0,0,0,-13.192359639321538,1405789.6666666667,-53.41159381595493,13.392291273051887,5.730659025787976,Eastern Europe
Ukraine,2015,705262.0,-9.8,2136.162,48.7,-1.806443,5.8,11099.8,7.7,1.183,-1.109349,0,0,1,1,0,0,7.684274011924841,1405789.6666666667,-49.831613026984364,13.466324643962308,6.865401987353215,Eastern Europe
Ukraine,2016,1043951.0,2.4,2201.007,13.9,-1.630939,3.3,10978.312,7.8,1.268,-1.78017,0,1,0,0,0,0,48.023146008150164,1405789.6666666667,-25.73917530099927,13.858523111457345,7.185122569737956,Eastern Europe
Ukraine,2017,1284053.0,2.4,2655.116,14.4,-1.590004,7.8,10756.742,11.2,1.384,-1.706232,0,0,0,0,0,0,22.999355333727344,1405789.6666666667,-8.659664354719732,14.065532039638727,9.148264984227117,Eastern Europe
Ukraine,2018,1387729.0,3.5,3117.672,10.9,-1.446155,3.5,9917.054,16.3,1.633,-1.124112,0,0,0,0,0,0,8.074121551057466,1405789.6666666667,-1.2847346295759343,14.143179156029337,17.9913294797688,Eastern Europe
Ukraine,2019,1545587.0,3.2,3687.341,7.9,-1.032024,1.3,9387.652,15.2,1.837,-1.192454,0,0,0,0,0,0,11.375275720259491,1405789.6666666667,9.944398984295644,14.250914331431932,12.49234537660746,Eastern Europe
Ukraine,2020,994122.0,-3.8,3781.329,2.7,-0.959924,1.8,8758.704,12.3,2.111,-1.039605,1,0,0,0,0,0,-35.679971428331115,1405789.6666666667,-29.2837311603514,13.809615214525724,14.91562329885685,Eastern Europe
Ukraine,2021,2056602.0,3.4,4872.611,9.4,-0.990563,11.8,9836.039,19.6,2.726,-0.972106,1,0,0,0,0,0,106.87621841182468,1405789.6666666667,46.295142777404585,14.536565664255603,29.133112269066785,Eastern Europe
Ukraine,2022,641936.0,-28.8,4693.891,20.2,-1.050756,5.4,10881.992,72.3,4.975,-0.935034,0,0,0,0,1,0,-68.78657124713483,1405789.6666666667,-54.33626984027246,13.372243889229352,82.50183418928832,Eastern Europe
Ukraine,2023,857060.0,5.5,5326.012,12.9,-0.545978,5.0,13516.335,53.9,8.074,-0.884477,0,0,0,0,1,1,33.51175195035019,1405789.6666666667,-39.03355385786731,13.661263206797825,62.29145728643217,Eastern Europe
Ukraine,2024,945526.0,3.2,5723.396,6.5,-0.432315,3.3,15882.632,58.5,12.548,-0.97071,0,0,0,0,1,1,10.322031129675867,1405789.6666666667,-32.74057830841931,13.759496665380516,55.41243497646769,Eastern Europe
Ukraine,2025,1029237.0,1.8,6499.262,12.7,,3.6,18611.136,34.9,16.647,,0,0,0,0,1,1,8.853378965782,1405789.6666666667,-26.785846815870272,13.844328308996154,32.66656040803313,Eastern Europe
United Arab Emirates,2003,6893.0,8.8,32166.941,3.1,0.951189,5.8,4750.989,25.3,0.591,-0.624468,0,0,0,0,0,0,,43518.333333333336,-84.16069855616406,8.838261682885651,,MENA
United Arab Emirates,2004,7359.0,9.6,34944.807,5.0,0.578584,9.9,6040.164,8.6,0.646,-0.677982,0,0,0,0,0,0,6.760481648048744,43518.333333333336,-83.08988548887442,8.903679332926599,9.306260575296111,MENA
United Arab Emirates,2005,8572.0,4.9,39389.226,6.2,0.798567,9.1,7405.476,8.1,0.671,-0.373772,0,0,0,0,0,0,16.4832178285093,43518.333333333336,-80.30255447895523,9.056256356593467,3.8699690402476783,MENA
United Arab Emirates,2006,11455.0,9.8,45239.607,9.3,0.909749,7.1,8007.819,9.6,0.712,-0.338799,0,0,0,0,0,0,33.632757816145585,43518.333333333336,-73.67776033089503,9.346181594887597,6.11028315946347,MENA
United Arab Emirates,2007,12288.0,3.2,46090.439,11.1,1.019869,5.1,9790.887,8.8,0.736,-0.58333,0,0,0,0,0,0,7.271933653426443,43518.333333333336,-71.76362452606182,9.416378455387454,3.370786516853941,MENA
United Arab Emirates,2008,19510.0,3.2,48548.6,12.3,0.728154,0.9,11089.025,10.4,0.809,-0.604511,0,0,0,0,0,0,58.77278645833333,43518.333333333336,-55.16831986519092,9.878682433617158,9.918478260869579,MENA
United Arab Emirates,2009,21667.0,-5.2,37428.383,-4.7,1.085523,-4.9,9108.034,6.2,0.849,-0.552293,0,0,0,0,0,0,11.055868785238342,43518.333333333336,-50.21178813526866,9.983545644706707,4.944375772558707,MENA
United Arab Emirates,2010,30366.0,7.9,44180.166,0.9,0.813497,8.5,10705.548,8.6,0.897,-0.548691,0,0,0,0,0,0,40.148613098260036,43518.333333333336,-30.222511585155686,10.321078840442134,5.653710247349819,MENA
United Arab Emirates,2011,34533.0,6.7,50925.197,0.9,0.814348,11.0,11361.902,6.5,0.952,-0.696616,0,0,1,0,0,0,13.722584469472432,43518.333333333336,-20.64723679675233,10.449670667583172,6.131549609810483,MENA
United Arab Emirates,2012,47152.0,4.7,52099.412,0.7,0.80298,4.8,11738.279,8.9,1.002,-0.919687,0,0,1,0,0,0,36.5418585121478,43518.333333333336,8.349737658458123,10.761131704977476,5.252100840336138,MENA
United Arab Emirates,2013,52469.0,4.9,52204.086,1.1,0.773884,8.5,12639.299,7.5,1.047,-1.032178,0,0,1,0,0,0,11.276297930098412,43518.333333333336,20.567576883305883,10.867977797989518,4.491017964071853,MENA
United Arab Emirates,2014,52240.0,4.6,51369.621,2.3,0.898485,4.6,12222.238,8.9,1.107,-0.799807,0,0,1,0,0,0,-0.43644818845413047,43518.333333333336,20.041361878135653,10.863603763950312,5.730659025787976,MENA
United Arab Emirates,2015,52351.0,7.1,43712.262,4.1,0.838251,5.8,11099.8,7.7,1.183,-1.109349,0,0,1,1,0,0,0.21248085758038826,43518.333333333336,20.2964267933055,10.86572631831299,6.865401987353215,MENA
United Arab Emirates,2016,38631.0,5.7,41800.681,1.6,0.692597,3.3,10978.312,7.8,1.268,-1.78017,0,1,0,0,0,0,-26.20771331970736,43518.333333333336,-11.23051587453564,10.561810341941893,7.185122569737956,MENA
United Arab Emirates,2017,49288.0,-1.1,43304.547,2.0,0.719287,7.8,10756.742,11.2,1.384,-1.706232,0,0,0,0,0,0,27.586653205974486,43518.333333333336,13.258013863888785,10.805435922694407,9.148264984227117,MENA
United Arab Emirates,2018,43626.0,1.5,46974.083,3.1,0.833661,3.5,9917.054,16.3,1.633,-1.124112,0,0,0,0,0,0,-11.487583184547967,43518.333333333336,0.24740530810769545,10.683408581878112,17.9913294797688,MENA
United Arab Emirates,2019,37641.0,1.3,45615.088,-1.9,0.829553,1.3,9387.652,15.2,1.837,-1.192454,0,0,0,0,0,0,-13.718883234768253,43518.333333333336,-13.50541917199648,10.535849160827809,12.49234537660746,MENA
United Arab Emirates,2020,6375.0,-8.7,38448.752,-2.1,0.826942,1.8,8758.704,12.3,2.111,-1.039605,1,0,0,0,0,0,-83.06368056109031,43518.333333333336,-85.35100149362339,8.760139370026627,14.91562329885685,MENA
United Arab Emirates,2021,47374.0,4.6,42839.579,-0.1,0.839581,11.8,9836.039,19.6,2.726,-0.972106,1,0,0,0,0,0,643.121568627451,43518.333333333336,8.859867488797812,10.765828833982527,29.133112269066785,MENA
United Arab Emirates,2022,146658.0,7.5,49704.159,4.8,0.883216,5.4,10881.992,72.3,4.975,-0.935034,0,0,0,0,1,0,209.57487229281884,43518.333333333336,237.00279575657768,11.895858624571307,82.50183418928832,MENA
United Arab Emirates,2023,122255.0,4.3,48941.279,1.6,0.782952,5.0,13516.335,53.9,8.074,-0.884477,0,0,0,0,1,1,-16.63939232772845,43518.333333333336,180.9275784152273,11.713864306296246,62.29145728643217,MENA
United Arab Emirates,2024,98559.0,4.0,48905.827,1.7,0.78867,3.3,15882.632,58.5,12.548,-0.97071,0,0,0,0,1,1,-19.382438346079912,43518.333333333336,126.47696373176056,11.498410632611979,55.41243497646769,MENA
United Arab Emirates,2025,102167.0,5.8,50231.644,1.3,,3.6,18611.136,34.9,16.647,,0,0,0,0,1,1,3.6607514280786235,43518.333333333336,134.76772241584007,11.534364008327712,32.66656040803313,MENA
United Kingdom,2003,1089679.0,3.2,34594.377,1.4,0.419609,5.8,4750.989,25.3,0.591,-0.624468,0,0,0,0,0,0,,2165121.6666666665,-49.67123479588906,13.901393715420193,,Western Europe
United Kingdom,2004,1424321.0,2.3,40548.325,1.3,0.348434,9.9,6040.164,8.6,0.646,-0.677982,0,0,0,0,0,0,30.710144914236203,2165121.6666666665,-34.215198068160916,14.169205766898799,9.306260575296111,Western Europe
United Kingdom,2005,1763174.0,2.8,42279.458,2.1,0.39586,9.1,7405.476,8.1,0.671,-0.373772,0,0,0,0,0,0,23.790493856370865,2165121.6666666665,-18.564668806140993,14.382626151915495,3.8699690402476783,Western Europe
United Kingdom,2006,1704041.0,2.2,44772.7,2.3,0.66006,7.1,8007.819,9.6,0.712,-0.338799,0,0,0,0,0,0,-3.3537813057588184,2165121.6666666665,-21.29583172000341,14.3485130471148,6.11028315946347,Western Europe
United Kingdom,2007,1940412.0,2.9,50651.344,2.3,0.695893,5.1,9790.887,8.8,0.736,-0.58333,0,0,0,0,0,0,13.871203803194888,2165121.6666666665,-10.378616136275632,14.478410879625974,3.370786516853941,Western Europe
United Kingdom,2008,2190254.0,0.0,48143.081,3.6,0.64648,0.9,11089.025,10.4,0.809,-0.604511,0,0,0,0,0,0,12.875719177164434,2165121.6666666665,1.1607815727060933,14.599528076802482,9.918478260869579,Western Europe
United Kingdom,2009,2445015.0,-4.6,39158.587,2.2,0.492837,-4.9,9108.034,6.2,0.849,-0.552293,0,0,0,0,0,0,11.631573324372436,2165121.6666666665,12.927372056843623,14.709561815841615,4.944375772558707,Western Europe
United Kingdom,2010,2680588.0,2.3,39821.429,3.3,0.593749,8.5,10705.548,8.6,0.897,-0.548691,0,0,0,0,0,0,9.634828416185591,2165121.6666666665,23.807730589428,14.801546731406798,5.653710247349819,Western Europe
United Kingdom,2011,2592850.0,0.9,42292.912,4.5,0.431799,11.0,11361.902,6.5,0.952,-0.696616,0,0,1,0,0,0,-3.2730878449056644,2165121.6666666665,19.755394808451875,14.76826821479509,6.131549609810483,Western Europe
United Kingdom,2012,2469711.0,1.5,42695.921,2.8,0.468414,4.8,11738.279,8.9,1.002,-0.919687,0,0,1,0,0,0,-4.749175617563683,2165121.6666666665,14.068000797491752,14.71961169771007,5.252100840336138,Western Europe
United Kingdom,2013,2518016.0,1.7,43636.03,2.6,0.459995,8.5,12639.299,7.5,1.047,-1.032178,0,0,1,0,0,0,1.9558968640460472,2165121.6666666665,16.299053247969898,14.738981847815646,4.491017964071853,Western Europe
United Kingdom,2014,2606629.0,3.2,47771.842,1.5,0.543624,4.6,12222.238,8.9,1.107,-0.799807,0,0,1,0,0,0,3.5191595287718647,2165121.6666666665,20.3918024622173,14.773568373621103,5.730659025787976,Western Europe
United Kingdom,2015,2520053.0,2.1,45266.037,0.0,0.537112,5.8,11099.8,7.7,1.183,-1.109349,0,0,1,1,0,0,-3.3213779176092917,2165121.6666666665,16.393135720625416,14.739790491012474,6.865401987353215,Western Europe
United Kingdom,2016,1720787.0,2.2,41411.645,0.7,0.449858,3.3,10978.312,7.8,1.268,-1.78017,0,1,0,0,0,0,-31.716237714048077,2165121.6666666665,-20.522387887362747,14.358292302281365,7.185122569737956,Western Europe
United Kingdom,2017,1663370.0,3.0,40952.186,2.7,0.440662,7.8,10756.742,11.2,1.384,-1.706232,0,0,0,0,0,0,-3.336670953464893,2165121.6666666665,-23.174294285232623,14.3243562229048,9.148264984227117,Western Europe
United Kingdom,2018,2262509.0,1.6,43760.389,2.5,0.282593,3.5,9917.054,16.3,1.633,-1.124112,0,0,0,0,0,0,36.01958674257681,2165121.6666666665,4.498007425294803,14.631984932448859,17.9913294797688,Western Europe
United Kingdom,2019,2569486.0,1.3,43185.922,1.8,0.56815,1.3,9387.652,15.2,1.837,-1.192454,0,0,0,0,0,0,13.567990226779214,2165121.6666666665,18.67628685993783,14.759216436868735,12.49234537660746,Western Europe
United Kingdom,2020,829319.0,-10.0,40844.287,0.9,0.510221,1.8,8758.704,12.3,2.111,-1.039605,1,0,0,0,0,0,-67.72432307473169,2165121.6666666665,-61.6964250661818,13.628360161065546,14.91562329885685,Western Europe
United Kingdom,2021,380949.0,8.5,47707.119,2.6,0.436366,11.8,9836.039,19.6,2.726,-0.972106,1,0,0,0,0,0,-54.06484115280128,2165121.6666666665,-82.40519200999482,12.850420786881305,29.133112269066785,Western Europe
United Kingdom,2022,3379338.0,5.1,47206.385,9.1,0.367691,5.4,10881.992,72.3,4.975,-0.935034,0,0,0,0,1,0,787.0840978713685,2165121.6666666665,56.080743730336955,15.033190390288356,82.50183418928832,Western Europe
United Kingdom,2023,3804594.0,0.3,49938.295,7.3,0.368343,5.0,13516.335,53.9,8.074,-0.884477,0,0,0,0,1,1,12.58400313907635,2165121.6666666665,75.72194942085626,15.151719841876613,62.29145728643217,Western Europe
United Kingdom,2024,4441693.0,1.1,53338.651,2.5,0.257709,3.3,15882.632,58.5,12.548,-0.97071,0,0,0,0,1,1,16.745518707120908,2165121.6666666665,105.14750133364332,15.306546168035938,55.41243497646769,Western Europe
United Kingdom,2025,4280123.0,1.3,57608.214,3.4,,3.6,18611.136,34.9,16.647,,0,0,0,0,1,1,-3.6375769329397567,2165121.6666666665,97.68510314662842,15.2694923054628,32.66656040803313,Western Europe
