country,year,political_stability
Germany,2003,0.728501
Germany,2004,0.705215
Germany,2005,0.993342
Germany,2006,1.036469
Germany,2007,1.060542
Germany,2008,1.008294
Germany,2009,1.030191
Germany,2010,0.930089
Germany,2011,0.895856
Germany,2012,0.966803
Germany,2013,0.956709
Germany,2014,1.067265
Germany,2015,0.831144
Germany,2016,0.794534
Germany,2017,0.702224
Germany,2018,0.823901
Germany,2019,0.727172
Germany,2020,0.684053
Germany,2021,0.660305
Germany,2022,0.52848
Germany,2023,0.50602
Germany,2024,0.124267
United Kingdom,2003,0.419609
United Kingdom,2004,0.348434
United Kingdom,2005,0.39586
United Kingdom,2006,0.66006
United Kingdom,2007,0.695893
United Kingdom,2008,0.64648
United Kingdom,2009,0.492837
United Kingdom,2010,0.593749
United Kingdom,2011,0.431799
United Kingdom,2012,0.468414
United Kingdom,2013,0.459995
United Kingdom,2014,0.543624
United Kingdom,2015,0.537112
United Kingdom,2016,0.449858
United Kingdom,2017,0.440662
United Kingdom,2018,0.282593
United Kingdom,2019,0.56815
United Kingdom,2020,0.510221
United Kingdom,2021,0.436366
United Kingdom,2022,0.367691
United Kingdom,2023,0.368343
United Kingdom,2024,0.257709
France,2003,0.343467
France,2004,0.390091
France,2005,0.462245
France,2006,0.597182
France,2007,0.651256
France,2008,0.638837
France,2009,0.508425
France,2010,0.740135
France,2011,0.588087
France,2012,0.615243
France,2013,0.491642
France,2014,0.387786
France,2015,0.173566
France,2016,-0.041533
France,2017,0.229972
France,2018,0.104352
France,2019,0.204067
France,2020,0.127089
France,2021,0.124153
France,2022,0.019838
France,2023,-0.018772
France,2024,-0.241365
Netherlands,2003,1.139888
Netherlands,2004,0.864576
Netherlands,2005,1.009312
Netherlands,2006,0.963403
Netherlands,2007,0.930446
Netherlands,2008,0.977596
Netherlands,2009,1.055733
Netherlands,2010,0.992427
Netherlands,2011,1.082706
Netherlands,2012,1.127533
Netherlands,2013,1.056934
Netherlands,2014,1.069195
Netherlands,2015,0.911876
Netherlands,2016,0.880799
Netherlands,2017,0.782024
Netherlands,2018,0.793099
Netherlands,2019,0.698545
Netherlands,2020,0.709289
Netherlands,2021,0.732977
Netherlands,2022,0.62523
Netherlands,2023,0.60844
Netherlands,2024,0.42812
Russia,2003,-1.015568
Russia,2004,-1.209335
Russia,2005,-1.099717
Russia,2006,-0.696364
Russia,2007,-0.621804
Russia,2008,-0.462068
Russia,2009,-0.694921
Russia,2010,-0.712889
Russia,2011,-0.940576
Russia,2012,-0.901598
Russia,2013,-0.827958
Russia,2014,-0.69966
Russia,2015,-0.790589
Russia,2016,-0.768461
Russia,2017,-0.53862
Russia,2018,-0.368104
Russia,2019,-0.398649
Russia,2020,-0.506898
Russia,2021,-0.50619
Russia,2022,-0.74094
Russia,2023,-0.818416
Russia,2024,-0.903285
Iran,2003,-0.613916
Iran,2004,-0.662544
Iran,2005,-0.642542
Iran,2006,-0.787821
Iran,2007,-0.71489
Iran,2008,-0.748024
Iran,2009,-1.271007
Iran,2010,-1.524788
Iran,2011,-1.356451
Iran,2012,-1.263007
Iran,2013,-1.18087
Iran,2014,-0.726596
Iran,2015,-0.789696
Iran,2016,-0.644883
Iran,2017,-0.699443
Iran,2018,-0.968601
Iran,2019,-1.255613
Iran,2020,-1.221325
Iran,2021,-1.157777
Iran,2022,-1.14484
Iran,2023,-1.269411
Iran,2024,-1.581188
Azerbaijan,2003,-0.988709
Azerbaijan,2004,-1.12484
Azerbaijan,2005,-1.149689
Azerbaijan,2006,-0.986625
Azerbaijan,2007,-0.586899
Azerbaijan,2008,-0.280887
Azerbaijan,2009,-0.351531
Azerbaijan,2010,-0.314501
Azerbaijan,2011,-0.65709
Azerbaijan,2012,-0.683857
Azerbaijan,2013,-0.483764
Azerbaijan,2014,-0.433564
Azerbaijan,2015,-0.494181
Azerbaijan,2016,-0.504347
Azerbaijan,2017,-0.455635
Azerbaijan,2018,-0.356744
Azerbaijan,2019,-0.337312
Azerbaijan,2020,-0.508772
Azerbaijan,2021,-0.488829
Azerbaijan,2022,-0.542048
Azerbaijan,2023,-0.400414
Azerbaijan,2024,-0.140406
Georgia,2003,-1.612001
Georgia,2004,-0.907028
Georgia,2005,-0.777785
Georgia,2006,-0.812438
Georgia,2007,-0.493822
Georgia,2008,-0.816645
Georgia,2009,-0.743173
Georgia,2010,-0.560988
Georgia,2011,-0.622573
Georgia,2012,-0.500627
Georgia,2013,-0.225994
Georgia,2014,-0.024803
Georgia,2015,-0.090598
Georgia,2016,-0.061468
Georgia,2017,-0.112559
Georgia,2018,-0.094857
Georgia,2019,-0.134771
Georgia,2020,-0.127194
Georgia,2021,-0.201768
Georgia,2022,-0.100035
Georgia,2023,-0.120909
Georgia,2024,-0.612759
Bulgaria,2003,0.19524
Bulgaria,2004,0.052069
Bulgaria,2005,0.305388
Bulgaria,2006,0.320646
Bulgaria,2007,0.357501
Bulgaria,2008,0.406927
Bulgaria,2009,0.383244
Bulgaria,2010,0.373648
Bulgaria,2011,0.308557
Bulgaria,2012,0.391129
Bulgaria,2013,0.170469
Bulgaria,2014,0.242071
Bulgaria,2015,0.182391
Bulgaria,2016,0.207304
Bulgaria,2017,0.406139
Bulgaria,2018,0.592909
Bulgaria,2019,0.578817
Bulgaria,2020,0.421047
Bulgaria,2021,0.406398
Bulgaria,2022,0.326973
Bulgaria,2023,0.314469
Bulgaria,2024,0.039927
Greece,2003,0.605747
Greece,2004,0.472425
Greece,2005,0.560758
Greece,2006,0.512213
Greece,2007,0.525963
Greece,2008,0.291748
Greece,2009,-0.001088
Greece,2010,-0.010733
Greece,2011,-0.077649
Greece,2012,-0.162898
Greece,2013,-0.152352
Greece,2014,-0.070028
Greece,2015,-0.120141
Greece,2016,-0.153775
Greece,2017,0.00694
Greece,2018,0.351321
Greece,2019,0.278935
Greece,2020,0.299622
Greece,2021,0.227017
Greece,2022,0.236947
Greece,2023,0.385304
Greece,2024,0.13942
Ukraine,2003,-0.371475
Ukraine,2004,-0.557704
Ukraine,2005,-0.39028
Ukraine,2006,-0.184901
Ukraine,2007,0.045085
Ukraine,2008,-0.033573
Ukraine,2009,-0.228303
Ukraine,2010,-0.050513
Ukraine,2011,-0.169621
Ukraine,2012,-0.245801
Ukraine,2013,-0.961241
Ukraine,2014,-1.992837
Ukraine,2015,-1.806443
Ukraine,2016,-1.630939
Ukraine,2017,-1.590004
Ukraine,2018,-1.446155
Ukraine,2019,-1.032024
Ukraine,2020,-0.959924
Ukraine,2021,-0.990563
Ukraine,2022,-1.050756
Ukraine,2023,-0.545978
Ukraine,2024,-0.432315
USA,2003,0.263668
USA,2004,0.079779
USA,2005,0.199347
USA,2006,0.419425
USA,2007,0.45956
USA,2008,0.629976
USA,2009,0.641191
USA,2010,0.616351
USA,2011,0.624543
USA,2012,0.620748
USA,2013,0.579523
USA,2014,0.668123
USA,2015,0.665879
USA,2016,0.327915
USA,2017,0.110129
USA,2018,0.290496
USA,2019,0.054638
USA,2020,-0.146807
USA,2021,-0.1264
USA,2022,-0.162609
USA,2023,-0.193136
USA,2024,-0.095113
Israel,2003,-1.18255
Israel,2004,-0.945312
Israel,2005,-0.923457
Israel,2006,-0.984717
Israel,2007,-0.826796
Israel,2008,-0.827965
Israel,2009,-1.047561
Israel,2010,-0.756258
Israel,2011,-0.80978
Israel,2012,-0.776944
Israel,2013,-0.885514
Israel,2014,-0.592453
Israel,2015,-0.611391
Israel,2016,-0.35465
Israel,2017,-0.450148
Israel,2018,-0.344696
Israel,2019,-0.436114
Israel,2020,-0.567841
Israel,2021,-0.699899
Israel,2022,-0.904997
Israel,2023,-1.042316
Israel,2024,-1.037501
Iraq,2003,-2.4735
Iraq,2004,-2.842326
Iraq,2005,-2.60758
Iraq,2006,-2.668404
Iraq,2007,-2.59261
Iraq,2008,-2.280343
Iraq,2009,-2.111527
Iraq,2010,-2.187694
Iraq,2011,-1.913135
Iraq,2012,-1.976426
Iraq,2013,-2.103964
Iraq,2014,-2.253827
Iraq,2015,-2.244909
Iraq,2016,-2.229176
Iraq,2017,-2.167725
Iraq,2018,-2.171925
Iraq,2019,-2.222725
Iraq,2020,-2.181474
Iraq,2021,-2.172268
Iraq,2022,-2.229428
Iraq,2023,-2.224695
Iraq,2024,-2.064276
Syria,2003,-0.027615
Syria,2004,-0.37855
Syria,2005,-0.463964
Syria,2006,-0.532526
Syria,2007,-0.563163
Syria,2008,-0.594826
Syria,2009,-0.526506
Syria,2010,-1.117494
Syria,2011,-2.13376
Syria,2012,-2.455435
Syria,2013,-2.465991
Syria,2014,-2.349718
Syria,2015,-2.438214
Syria,2016,-2.595535
Syria,2017,-2.44538
Syria,2018,-2.423858
Syria,2019,-2.452706
Syria,2020,-2.353676
Syria,2021,-2.374524
Syria,2022,-2.438247
Syria,2023,-2.437902
Syria,2024,-2.368072
Turkey,2003,-0.624468
Turkey,2004,-0.677982
Turkey,2005,-0.373772
Turkey,2006,-0.338799
Turkey,2007,-0.58333
Turkey,2008,-0.604511
Turkey,2009,-0.552293
Turkey,2010,-0.548691
Turkey,2011,-0.696616
Turkey,2012,-0.919687
Turkey,2013,-1.032178
Turkey,2014,-0.799807
Turkey,2015,-1.109349
Turkey,2016,-1.78017
Turkey,2017,-1.706232
Turkey,2018,-1.124112
Turkey,2019,-1.192454
Turkey,2020,-1.039605
Turkey,2021,-0.972106
Turkey,2022,-0.935034
Turkey,2023,-0.884477
Turkey,2024,-0.97071
